date*boxscore*team*home_or_away*opponent*win_or_loss*runs*runs_allowed*innings*win_loss_record*rank*games_behind*win*loss*save*time*day_or_night*attendance*streak*originally_scheduled
Friday, Apr 14*boxscore*BOS*@*NYY*L*2*6*None*0-2*6* 2.0*Ruffing*Weiland*None*None*D*None*--*None
Saturday, Apr 15*boxscore*BOS*@*WSH*L*1*2*None*0-3*8* 3.0*Weaver*Rhodes*None*1:36*D*None*---*None
Monday, Apr 17*boxscore*BOS*@*WSH*W*4*2*None*1-3*6* 3.0*Johnson*Crowder*Welch*None*D*None*+*1933-04-16 (Rain)
Tuesday, Apr 18*boxscore*BOS*@*WSH*W*6*4*None*2-3*5* 3.0*Andrews*Whitehill*Kline*2:02*D*None*++*None
Friday, Apr 21*boxscore*BOS*None*NYY*L*5*7*None*2-4*4* 4.0*Ruffing*Weiland*None*None*D*None*-*None
Saturday, Apr 22*boxscore*BOS*None*NYY*L*1*2*None*2-5*6* 5.0*Pipgras*Rhodes*None*None*D*None*--*None
Sunday, Apr 23*boxscore*BOS*None*PHA*W*7*5*None*3-5*6* 4.0*Kline*Walberg*Weiland*2:08*D*None*+*None
Monday, Apr 24*boxscore*BOS*None*PHA*L*10*16*None*3-6*6* 4.0*Earnshaw*Andrews*Cain*2:20*D*None*-*None
Tuesday, Apr 25*boxscore*BOS*None*PHA*W*6*4*None*4-6*6* 4.0*Weiland*Grove*None*1:56*D*None*+*None
Thursday, Apr 27*boxscore*BOS*None*WSH*L*2*3*None*4-7*6* 5.0*Linke*Rhodes*McAfee*2:12*D*None*-*None
Friday, Apr 28*boxscore*BOS*@*PHA*L*8*9*None*4-8*6* 5.0*McDonald*Welch*Walberg*2:05*D*None*--*None
Saturday, Apr 29*boxscore*BOS*@*PHA*L*3*8*None*4-9*7* 5.0*Grove*Johnson*None*2:08*D*7,500*---*None
Sunday, Apr 30*boxscore*BOS*@*NYY*L*2*11*None*4-10*8* 7.0*Van Atta*Kline*None*1:53*D*47,000*----*None
Sunday, Apr 30*boxscore*BOS*@*NYY*L*3*8*None*4-11*8* 7.0*Brennan*Weiland*None*1:45*D*47,000*-----*1933-04-12 (Rain)
Tuesday, May 2*boxscore*BOS*@*SLB*L*1*2*10*4-12*8* 7.0*Blaeholder*Rhodes*None*None*D*None*------*None
Wednesday, May 3*boxscore*BOS*@*SLB*W*6*2*None*5-12*8* 6.5*Andrews*Hadley*None*None*D*None*+*None
Sunday, May 7*boxscore*BOS*@*CHW*L*3*4*None*5-13*7* 6.5*Faber*Welch*None*2:16*D*20,000*-*None
Sunday, May 7*boxscore*BOS*@*CHW*W*3*2*None*6-13*7* 6.5*Johnson*Gregory*None*1:58*D*20,000*+*1933-05-05 (Rain)
Wednesday, May 10*boxscore*BOS*@*CLE*L*2*4*None*6-14*7* 7.0*Hudlin*Weiland*None*1:45*D*None*-*None
Thursday, May 11*boxscore*BOS*@*CLE*L*1*4*None*6-15*8* 8.0*Harder*Andrews*None*1:40*D*None*--*None
Sunday, May 14*boxscore*BOS*@*DET*W*6*1*None*7-15*8* 8.5*Rhodes*Bridges*None*1:46*D*None*+*None
Sunday, May 14*boxscore*BOS*@*DET*L*2*3*None*7-16*8* 8.5*Marberry*Johnson*None*1:50*D*None*-*1933-05-12 (Rain)
Tuesday, May 16*boxscore*BOS*None*SLB*L*2*3*11*7-17*8* 8.0*Hadley*Kline*None*None*D*None*--*None
Wednesday, May 17*boxscore*BOS*None*SLB*W*7*3*None*8-17*8* 8.0*Pipgras*Blaeholder*None*None*D*None*+*None
Thursday, May 18*boxscore*BOS*None*SLB*L*2*8*None*8-18*8* 9.0*Coffman*Weiland*Gray*2:18*D*None*-*None
Friday, May 19*boxscore*BOS*None*DET*L*5*7*None*8-19*8* 10.0*Marberry*Rhodes*Hogsett*1:58*D*None*--*None
Saturday, May 20*boxscore*BOS*None*DET*W*6*5*None*9-19*8* 9.0*Johnson*Wyatt*None*2:29*D*None*+*None
Sunday, May 21*boxscore*BOS*None*DET*W*2*0*None*10-19*8* 8.0*Brown*Sorrell*None*1:45*D*None*++*None
Monday, May 22*boxscore*BOS*None*CHW*W*3*2*None*11-19*8* 8.0*Pipgras*Durham*None*None*D*None*+++*None
Tuesday, May 23*boxscore*BOS*None*CHW*L*0*7*None*11-20*8* 9.0*Gaston*Andrews*None*None*D*None*-*None
Thursday, May 25*boxscore*BOS*None*CLE*L*2*3*None*11-21*8* 9.5*Harder*Rhodes*Hildebrand*1:35*D*None*--*None
Friday, May 26*boxscore*BOS*None*CLE*W*6*5*None*12-21*7* 8.5*Johnson*Brown*Pipgras*2:15*D*None*+*None
Saturday, May 27*boxscore*BOS*None*CLE*L*0*6*None*12-22*7* 9.5*Ferrell*Brown*None*1:47*D*None*-*None
Sunday, May 28*boxscore*BOS*None*CLE*W*5*2*None*13-22*8* 10.5*Weiland*Hildebrand*None*2:15*D*None*+*None
Sunday, May 28*boxscore*BOS*None*CLE*L*2*11*None*13-23*8* 10.5*Hudlin*Andrews*None*1:55*D*None*-*1933-09-20 (Schedule change)
Tuesday, May 30*boxscore*BOS*None*PHA*L*3*7*None*13-24*8* 12.0*Grove*Pipgras*None*1:54*D*None*--*None
Tuesday, May 30*boxscore*BOS*None*PHA*L*8*11*12*13-25*8* 12.0*Claset*Brown*None*3:04*D*None*---*None
Thursday, Jun 1*boxscore*BOS*@*WSH*W*7*5*13*14-25*8* 11.5*Welch*Thomas*None*2:43*D*None*+*None
Friday, Jun 2*boxscore*BOS*@*WSH*L*3*8*None*14-26*7* 12.5*Weaver*Weiland*None*None*D*None*-*1933-04-19 (Rain)
Saturday, Jun 3*boxscore*BOS*@*WSH*L*5*8*None*14-27*8* 13.5*Russell*Andrews*None*None*D*None*--*None
Sunday, Jun 4*boxscore*BOS*@*WSH*L*3*4*13*14-28*8* 15.0*Russell*Welch*None*2:22*D*None*---*None
Tuesday, Jun 6*boxscore*BOS*@*NYY*L*0*4*None*14-29*8* 17.0*Pennock*Johnson*None*None*D*12,000*----*None
Tuesday, Jun 6*boxscore*BOS*@*NYY*L*4*8*None*14-30*8* 17.0*Brennan*Rhodes*None*None*D*None*-----*1933-06-07 (Schedule change)
Thursday, Jun 8*boxscore*BOS*None*WSH*W*4*3*None*15-30*8* 16.5*Kline*Thomas*None*1:55*D*None*+*None
Thursday, Jun 8*boxscore*BOS*None*WSH*L*3*12*None*15-31*8* 16.5*Russell*Welch*None*1:56*D*None*-*1933-04-26 (Rain)
Friday, Jun 9*boxscore*BOS*None*WSH*L*2*7*None*15-32*8* 17.5*Whitehill*Pipgras*None*1:45*D*None*--*None
Saturday, Jun 10*boxscore*BOS*None*WSH*L*5*7*None*15-33*8* 17.0*Stewart*Johnson*None*None*D*None*---*None
Sunday, Jun 11*boxscore*BOS*None*NYY*L*7*8*None*15-34*8* 17.0*Pennock*Pipgras*Ruffing*2:46*D*30,000*----*None
Sunday, Jun 11*boxscore*BOS*None*NYY*W*11*9*6*16-34*8* 17.0*Pipgras*Moore*None*1:35*D*30,000*+*1933-07-24 (Schedule change)
Tuesday, Jun 13*boxscore*BOS*None*NYY*W*6*5*None*17-34*7* 16.0*Brown*MacFayden*None*None*D*None*++*None
Wednesday, Jun 14*boxscore*BOS*None*NYY*W*13*5*None*18-34*7* 15.0*Andrews*Brown*None*None*D*None*+++*None
Thursday, Jun 15*boxscore*BOS*None*NYY*W*8*5*None*19-34*7* 14.0*Johnson*Allen*Weiland*None*D*None*++++*None
Saturday, Jun 17*boxscore*BOS*None*PHA*L*3*15*None*19-35*7* 14.5*Earnshaw*Andrews*None*2:02*D*None*-*None
Saturday, Jun 17*boxscore*BOS*None*PHA*W*7*5*8*20-35*7* 14.5*Rhodes*Grove*None*2:00*D*None*+*None
Sunday, Jun 18*boxscore*BOS*@*CLE*L*0*7*None*20-36*7* 15.5*Hildebrand*Brown*None*1:34*D*None*-*None
Sunday, Jun 18*boxscore*BOS*@*CLE*L*0*4*None*20-37*7* 15.5*Harder*Weiland*None*1:47*D*18,000*--*1933-05-08 (Wet grounds)
Monday, Jun 19*boxscore*BOS*@*CLE*W*5*2*None*21-37*7* 14.5*Pipgras*Brown*None*1:55*D*None*+*None
Tuesday, Jun 20*boxscore*BOS*@*CLE*W*9*5*None*22-37*7* 14.5*Kline*Bean*None*2:06*D*None*++*None
Wednesday, Jun 21*boxscore*BOS*@*DET*W*10*9*None*23-37*7* 15.0*Welch*Hogsett*Weiland*2:57*D*None*+++*None
Wednesday, Jun 21*boxscore*BOS*@*DET*L*3*5*None*23-38*7* 15.0*Marberry*Andrews*None*1:40*D*None*-*1933-05-13 (Rain)
Thursday, Jun 22*boxscore*BOS*@*DET*W*9*7*10*24-38*7* 14.0*Rhodes*Hogsett*None*2:20*D*None*+*None
Friday, Jun 23*boxscore*BOS*@*DET*W*3*2*None*25-38*7* 14.0*Weiland*Rowe*Johnson*2:13*D*None*++*None
Saturday, Jun 24*boxscore*BOS*@*DET*L*4*16*None*25-39*7* 15.0*Frazier*Pipgras*None*1:59*D*None*-*None
Sunday, Jun 25*boxscore*BOS*@*SLB*L*6*10*None*25-40*7* 17.0*Gray*Andrews*None*2:13*D*None*--*None
Sunday, Jun 25*boxscore*BOS*@*SLB*L*4*6*None*25-41*7* 17.0*Blaeholder*Brown*None*1:47*D*None*---*1933-05-04 (Cold)
Monday, Jun 26*boxscore*BOS*@*SLB*W*13*5*None*26-41*7* 17.0*Rhodes*McDonald*Welch*2:09*D*None*+*None
Tuesday, Jun 27*boxscore*BOS*@*SLB*W*5*4*None*27-41*7* 16.0*Welch*Wells*Kline*2:12*D*None*++*None
Friday, Jun 30*boxscore*BOS*@*CHW*W*4*2*None*28-41*7* 16.0*Johnson*Lyons*None*None*D*None*+++*None
Saturday, Jul 1*boxscore*BOS*@*CHW*W*7*2*None*29-41*7* 16.0*Pipgras*Gregory*None*None*D*None*++++*None
Tuesday, Jul 4*boxscore*BOS*@*PHA*W*14*4*None*30-41*7* 16.0*Rhodes*Walberg*None*2:10*D*None*+++++*None
Tuesday, Jul 4*boxscore*BOS*@*PHA*W*9*1*None*31-41*7* 16.0*Andrews*Earnshaw*None*2:02*D*None*++++++*None
Wednesday, Jul 5*boxscore*BOS*@*PHA*L*2*4*None*31-42*7* 16.5*Barrett*Weiland*None*None*D*1,500*-*None
Saturday, Jul 8*boxscore*BOS*None*SLB*L*1*4*None*31-43*7* 18.0*Wells*Johnson*None*1:58*D*3,500*--*None
Sunday, Jul 9*boxscore*BOS*None*SLB*W*4*0*None*32-43*7* 18.5*Pipgras*Hadley*None*1:56*D*None*+*None
Sunday, Jul 9*boxscore*BOS*None*SLB*L*2*9*None*32-44*7* 18.5*Blaeholder*Rhodes*None*1:59*D*None*-*1933-07-07 (Schedule change)
Monday, Jul 10*boxscore*BOS*None*SLB*L*5*9*None*32-45*7* 18.5*Stiles*Andrews*None*None*D*None*--*None
Tuesday, Jul 11*boxscore*BOS*None*DET*W*2*1*None*33-45*7* 17.5*Weiland*Frazier*None*1:44*D*None*+*None
Wednesday, Jul 12*boxscore*BOS*None*DET*W*1*0*11*34-45*7* 17.5*Brown*Sorrell*None*1:59*D*None*++*None
Thursday, Jul 13*boxscore*BOS*None*DET*L*2*3*None*34-46*7* 17.5*Marberry*Johnson*None*1:59*D*None*-*None
Friday, Jul 14*boxscore*BOS*None*DET*L*3*8*None*34-47*7* 17.5*Bridges*Pipgras*None*1:50*D*None*--*None
Saturday, Jul 15*boxscore*BOS*None*CLE*W*7*2*None*35-47*7* 18.0*Rhodes*Harder*None*1:55*D*3,500*+*None
Sunday, Jul 16*boxscore*BOS*None*CLE*L*1*2*14*35-48*7* 18.0*Hudlin*Weiland*None*2:45*D*None*-*None
Tuesday, Jul 18*boxscore*BOS*None*CLE*L*1*2*None*35-49*7* 19.0*Pearson*Brown*Harder*1:30*D*None*--*None
Wednesday, Jul 19*boxscore*BOS*None*CLE*L*7*8*13*35-50*7* 19.0*Brown*Kline*None*2:55*D*None*---*None
Thursday, Jul 20*boxscore*BOS*None*CHW*W*5*0*None*36-50*7* 18.0*Pipgras*Durham*None*None*D*None*+*None
Friday, Jul 21*boxscore*BOS*None*CHW*W*12*2*None*37-50*7* 18.0*Rhodes*Gaston*None*None*D*None*++*None
Saturday, Jul 22*boxscore*BOS*None*CHW*W*5*3*None*38-50*7* 18.0*Kline*Miller*None*None*D*None*+++*None
Sunday, Jul 23*boxscore*BOS*None*CHW*W*6*2*None*39-50*7* 17.0*Johnson*Lyons*None*1:55*D*20,000*++++*None
Sunday, Jul 23*boxscore*BOS*None*CHW*W*7*2*None*40-50*7* 17.0*Pipgras*Kimsey*None*2:00*D*20,000*+++++*1933-05-24 (Rain)
Wednesday, Jul 26*boxscore*BOS*None*NYY*L*0*2*None*40-51*7* 18.0*Gomez*Weiland*None*None*D*25,000*-*None
Wednesday, Jul 26*boxscore*BOS*None*NYY*W*9*4*None*41-51*7* 18.0*Brown*Brown*None*None*D*None*+*1933-07-25 (Rain)
Thursday, Jul 27*boxscore*BOS*None*PHA*W*6*2*None*42-51*7* 18.0*Rhodes*Cain*None*1:56*D*None*++*None
Saturday, Jul 29*boxscore*BOS*None*PHA*W*8*1*None*43-51*6* 18.0*Pipgras*Grove*None*1:58*D*5,000*+++*None
Sunday, Jul 30*boxscore*BOS*None*PHA*W*8*3*None*44-51*6* 17.0*Kline*Earnshaw*Brown*1:50*D*None*++++*None
Wednesday, Aug 2*boxscore*BOS*@*WSH*L*1*2*None*44-52*7* 17.5*Crowder*Kline*None*2:11*D*None*-*None
Thursday, Aug 3*boxscore*BOS*@*WSH*L*4*8*None*44-53*7* 18.5*Whitehill*Brown*Russell*2:23*D*None*--*None
Saturday, Aug 5*boxscore*BOS*@*WSH*L*2*3*None*44-54*7* 19.5*Weaver*Rhodes*None*None*D*None*---*None
Sunday, Aug 6*boxscore*BOS*@*NYY*L*4*5*None*44-55*7* 19.5*Uhle*Welch*None*None*D*None*----*None
Monday, Aug 7*boxscore*BOS*@*PHA*W*8*5*None*45-55*7* 18.0*Andrews*Coombs*None*2:08*D*None*+*None
Tuesday, Aug 8*boxscore*BOS*@*PHA*L*6*7*None*45-56*7* 19.0*Grove*Pipgras*None*1:52*D*None*-*None
Wednesday, Aug 9*boxscore*BOS*@*PHA*W*8*4*None*46-56*7* 19.0*Brown*Barrett*None*2:04*D*None*+*None
Thursday, Aug 10*boxscore*BOS*None*WSH*L*3*5*None*46-57*7* 20.0*Crowder*Rhodes*Russell*None*D*None*-*None
Friday, Aug 11*boxscore*BOS*None*WSH*L*4*8*None*46-58*7* 21.0*Crowder*Pipgras*Whitehill*None*D*None*--*None
Saturday, Aug 12*boxscore*BOS*None*WSH*L*1*2*None*46-59*7* 22.0*Whitehill*Weiland*None*1:45*D*None*---*None
Sunday, Aug 13*boxscore*BOS*None*PHA*W*19*10*None*47-59*7* 22.0*Rhodes*Cain*Andrews*2:01*D*None*+*None
Monday, Aug 14*boxscore*BOS*@*DET*L*5*6*None*47-60*7* 22.5*Fischer*Pipgras*Hogsett*2:14*D*None*-*None
Tuesday, Aug 15*boxscore*BOS*@*DET*W*5*3*None*48-60*7* 22.5*Johnson*Marberry*None*2:04*D*None*+*None
Wednesday, Aug 16*boxscore*BOS*@*DET*L*5*6*None*48-61*7* 23.5*Frazier*Brown*Fischer*1:46*D*None*-*None
Thursday, Aug 17*boxscore*BOS*@*DET*W*6*2*None*49-61*7* 23.5*Weiland*Auker*None*2:04*D*None*+*None
Friday, Aug 18*boxscore*BOS*@*CLE*L*1*2*None*49-62*7* 24.5*Harder*Rhodes*None*1:33*D*None*-*None
Saturday, Aug 19*boxscore*BOS*@*CLE*L*5*6*None*49-63*7* 25.5*Connally*Welch*None*2:05*D*None*--*None
Sunday, Aug 20*boxscore*BOS*@*CLE*L*6*14*None*49-64*7* 27.5*Hildebrand*Brown*None*2:11*D*None*---*None
Sunday, Aug 20*boxscore*BOS*@*CLE*L*4*9*None*49-65*7* 27.5*Ferrell*Kline*None*2:00*D*None*----*1933-05-09 (Cold)
Monday, Aug 21*boxscore*BOS*@*CLE*L*1*10*None*49-66*7* 28.0*Pearson*Weiland*None*1:44*D*None*-----*None
Tuesday, Aug 22*boxscore*BOS*@*CHW*L*1*8*None*49-67*7* 28.5*Lyons*Rhodes*None*1:43*D*None*------*1933-06-29 (Rain)
Tuesday, Aug 22*boxscore*BOS*@*CHW*L*0*4*None*49-68*7* 28.5*Heving*Brown*None*None*D*None*-------*1933-05-06 (Wet grounds)
Wednesday, Aug 23*boxscore*BOS*@*CHW*L*1*3*None*49-69*7* 29.5*Jones*Kline*None*None*D*None*--------*None
Wednesday, Aug 23*boxscore*BOS*@*CHW*L*1*12*None*49-70*7* 29.5*Durham*Fullerton*None*None*D*None*---------*None
Thursday, Aug 24*boxscore*BOS*@*CHW*W*6*1*None*50-70*7* 30.0*Welch*Wyatt*None*None*D*None*+*None
Thursday, Aug 24*boxscore*BOS*@*CHW*L*6*7*10*50-71*7* 30.0*Heving*Kline*None*2:18*D*None*-*1933-07-02 (Rain)
Friday, Aug 25*boxscore*BOS*@*CHW*W*8*1*None*51-71*7* 30.0*Rhodes*Gaston*None*None*D*None*+*None
Saturday, Aug 26*boxscore*BOS*@*SLB*W*8*1*None*52-71*7* 29.0*Brown*Blaeholder*None*1:58*D*None*++*None
Sunday, Aug 27*boxscore*BOS*@*SLB*W*7*5*None*53-71*7* 29.0*Kline*Hadley*Welch*2:05*D*None*+++*None
Sunday, Aug 27*boxscore*BOS*@*SLB*L*3*5*None*53-72*7* 29.0*Knott*Fullerton*Stiles*2:05*D*None*-*1933-06-28 (Rain)
Tuesday, Aug 29*boxscore*BOS*@*SLB*L*8*10*None*53-73*7* 29.0*Hebert*Rhodes*None*2:13*D*None*--*None
Tuesday, Aug 29*boxscore*BOS*@*SLB*W*9*4*None*54-73*7* 29.0*Weiland*Blaeholder*None*2:10*D*None*+*1933-08-28 (Wet grounds)
Thursday, Aug 31*boxscore*BOS*@*NYY*W*15*2*None*55-73*7* 28.5*Rhodes*Pennock*None*None*D*4,000*++*None
Friday, Sep 1*boxscore*BOS*@*NYY*W*4*2*12*56-73*7* 27.5*Kline*Ruffing*None*None*D*None*+++*None
Saturday, Sep 2*boxscore*BOS*@*NYY*L*1*2*None*56-74*7* 28.0*Allen*Weiland*None*None*D*8,000*-*None
Sunday, Sep 3*boxscore*BOS*@*WSH*L*2*3*None*56-75*7* 29.0*Weaver*Andrews*None*1:46*D*None*--*None
Tuesday, Sep 5*boxscore*BOS*None*WSH*L*4*5*11*56-76*7* 31.0*Russell*Rhodes*None*2:22*D*None*---*1933-09-04 (Rain)
Tuesday, Sep 5*boxscore*BOS*None*WSH*L*6*9*None*56-77*7* 31.0*Whitehill*Welch*Crowder*2:20*D*None*----*None
Wednesday, Sep 6*boxscore*BOS*None*DET*L*5*11*None*56-78*7* 32.0*Hogsett*Brown*None*2:05*D*None*-----*None
Friday, Sep 8*boxscore*BOS*None*DET*L*3*4*None*56-79*7* 33.0*Bridges*Andrews*None*1:35*D*None*------*None
Friday, Sep 8*boxscore*BOS*None*DET*L*3*4*None*56-80*7* 33.0*Hogsett*Welch*None*2:00*D*10,000*-------*1933-09-07 (Wet grounds)
Saturday, Sep 9*boxscore*BOS*None*DET*W*6*4*None*57-80*7* 33.0*Rhodes*Sorrell*Kline*1:57*D*None*+*None
Sunday, Sep 10*boxscore*BOS*None*SLB*L*2*3*None*57-81*7* 34.5*Hadley*Weiland*None*2:00*D*None*-*None
Sunday, Sep 10*boxscore*BOS*None*SLB*L*0*4*11*57-82*7* 34.5*Blaeholder*Welch*None*2:32*D*None*--*1933-09-11 (Schedule change)
Tuesday, Sep 12*boxscore*BOS*None*SLB*L*1*4*None*57-83*7* 35.0*Coffman*Andrews*None*1:50*D*None*---*None
Wednesday, Sep 13*boxscore*BOS*None*SLB*W*3*1*None*58-83*7* 34.5*Brown*Knott*None*1:43*D*None*+*None
Monday, Sep 18*boxscore*BOS*None*CLE*L*0*9*None*58-84*7* 36.5*Hildebrand*Rhodes*None*1:54*D*None*-*1933-09-21 (Rain)
Tuesday, Sep 19*boxscore*BOS*None*CLE*W*4*3*None*59-84*7* 35.5*Weiland*Brown*Kline*1:37*D*None*+*None
Saturday, Sep 23*boxscore*BOS*None*NYY*L*12*16*None*59-85*7* 36.5*Pennock*Brown*Van Atta*None*D*None*-*None
Sunday, Sep 24*boxscore*BOS*None*NYY*W*10*8*None*60-85*7* 35.5*Andrews*Devens*None*None*D*None*+*None
Thursday, Sep 28*boxscore*BOS*@*PHA*W*4*3*None*61-85*7* 34.5*Brown*Peterson*None*1:37*D*None*++*None
Saturday, Sep 30*boxscore*BOS*@*PHA*W*2*1*None*62-85*7* 34.5*Weiland*Dietrich*None*1:39*D*None*+++*None
Saturday, Sep 30*boxscore*BOS*@*PHA*W*12*1*None*63-85*7* 34.5*Andrews*Roy*None*1:40*D*None*++++*1933-09-29 (Schedule change)
Sunday, Oct 1*boxscore*BOS*@*NYY*L*5*6*None*63-86*7* 34.5*Ruth*Kline*None*None*D*None*-*None