date*boxscore*team*home_or_away*opponent*win_or_loss*runs*runs_allowed*innings*win_loss_record*rank*games_behind*win*loss*save*time*day_or_night*attendance*streak*originally_scheduled
Thursday, Apr 13*boxscore*CHW*@*SLB*W*11*7*11*2-0*1* Tied*Kimsey*Brown*None*2:34*D*None*++*None
Saturday, Apr 15*boxscore*CHW*@*DET*L*0*3*None*2-1*4* 1.0*Rowe*Gregory*None*1:49*D*4,000*-*None
Monday, Apr 17*boxscore*CHW*@*DET*L*5*8*10*2-2*4* 2.0*Marberry*Frazier*None*2:45*D*None*--*None
Tuesday, Apr 18*boxscore*CHW*@*DET*W*12*0*None*3-2*2* 2.0*Jones*Bridges*None*2:02*D*None*+*None
Wednesday, Apr 19*boxscore*CHW*None*SLB*W*3*0*None*4-2*2* 1.5*Lyons*Coffman*None*1:41*D*10,000*++*None
Thursday, Apr 20*boxscore*CHW*None*SLB*W*5*4*None*5-2*2* 1.0*Heving*Brown*None*2:02*D*3,000*+++*None
Friday, Apr 21*boxscore*CHW*None*SLB*L*0*4*None*5-3*3* 2.0*Hadley*Gregory*None*1:45*D*None*-*None
Saturday, Apr 22*boxscore*CHW*None*CLE*W*3*1*None*6-3*2* 2.0*Gaston*Hudlin*None*1:42*D*None*+*None
Sunday, Apr 23*boxscore*CHW*None*CLE*W*4*1*None*7-3*2* 1.0*Lyons*Harder*None*1:39*D*25,000*++*None
Monday, Apr 24*boxscore*CHW*None*CLE*W*5*4*None*8-3*1* Tied*Frazier*Ferrell*Heving*1:50*D*None*+++*None
Wednesday, Apr 26*boxscore*CHW*None*DET*L*4*6*11*8-4*2* 1.0*Hogsett*Heving*None*2:50*D*None*-*None
Thursday, Apr 27*boxscore*CHW*None*DET*W*10*4*None*9-4*2* 1.0*Durham*Marberry*None*None*D*None*+*None
Friday, Apr 28*boxscore*CHW*@*CLE*L*1*5*None*9-5*2* 1.0*Connally*Gaston*None*None*D*None*-*None
Saturday, Apr 29*boxscore*CHW*@*CLE*L*1*4*None*9-6*2* 1.0*Ferrell*Lyons*None*1:45*D*10,000*--*None
Sunday, Apr 30*boxscore*CHW*@*CLE*W*3*1*None*10-6*2* 1.5*Gregory*Brown*None*1:49*D*None*+*None
Monday, May 1*boxscore*CHW*@*CLE*L*1*8*None*10-7*3* 2.0*Hildebrand*Durham*None*None*D*3,000*-*None
Thursday, May 4*boxscore*CHW*None*PHA*W*2*1*None*11-7*2* 1.5*Jones*Cain*None*1:27*D*3,000*+*None
Sunday, May 7*boxscore*CHW*None*BOS*W*4*3*None*12-7*3* 1.0*Faber*Welch*None*2:16*D*20,000*++*None
Sunday, May 7*boxscore*CHW*None*BOS*L*2*3*None*12-8*3* 1.0*Johnson*Gregory*None*1:58*D*20,000*-*1933-05-05 (Rain)
Monday, May 8*boxscore*CHW*None*NYY*L*3*7*None*12-9*4* 2.0*Brennan*Lyons*None*None*D*5,000*--*None
Wednesday, May 10*boxscore*CHW*None*NYY*W*10*2*None*13-9*4* 1.0*Jones*Gomez*None*None*D*22,000*+*None
Saturday, May 13*boxscore*CHW*None*WSH*L*4*5*10*13-10*4* 1.5*Crowder*Gregory*None*None*D*None*-*None
Sunday, May 14*boxscore*CHW*None*WSH*W*10*8*None*14-10*4* 2.5*Lyons*Whitehill*Heving*2:08*D*30,000*+*None
Sunday, May 14*boxscore*CHW*None*WSH*L*9*11*None*14-11*4* 2.5*McAfee*Jones*Crowder*2:13*D*30,000*-*1933-05-12 (Rain)
Wednesday, May 17*boxscore*CHW*@*PHA*W*5*2*None*15-11*4* 1.5*Durham*Peterson*Faber*None*D*None*+*None
Thursday, May 18*boxscore*CHW*@*PHA*L*1*9*None*15-12*4* 2.5*Earnshaw*Jones*None*None*D*None*-*None
Friday, May 19*boxscore*CHW*@*WSH*W*10*1*None*16-12*4* 2.5*Gregory*Thomas*None*None*D*None*+*None
Saturday, May 20*boxscore*CHW*@*WSH*L*0*7*None*16-13*4* 2.5*Weaver*Lyons*None*None*D*6,000*-*None
Sunday, May 21*boxscore*CHW*@*WSH*W*6*0*None*17-13*3* 1.5*Miller*Crowder*None*1:41*D*None*+*None
Monday, May 22*boxscore*CHW*@*BOS*L*2*3*None*17-14*3* 2.5*Pipgras*Durham*None*None*D*None*-*None
Tuesday, May 23*boxscore*CHW*@*BOS*W*7*0*None*18-14*3* 2.5*Gaston*Andrews*None*None*D*None*+*None
Friday, May 26*boxscore*CHW*@*NYY*W*8*6*None*19-14*3* 1.5*Gregory*Ruffing*Faber*None*D*None*++*None
Saturday, May 27*boxscore*CHW*@*NYY*L*11*15*None*19-15*3* 2.5*Brown*Miller*Pennock*None*D*None*-*None
Sunday, May 28*boxscore*CHW*@*NYY*L*1*2*None*19-16*5* 4.5*Gomez*Jones*None*1:50*D*None*--*None
Sunday, May 28*boxscore*CHW*@*NYY*L*7*9*None*19-17*5* 4.5*Allen*Gaston*Ruffing*2:25*D*51,000*---*1933-05-25 (Wet grounds)
Tuesday, May 30*boxscore*CHW*None*CLE*W*7*2*None*20-17*5* 5.0*Durham*Harder*None*2:01*D*None*+*None
Tuesday, May 30*boxscore*CHW*None*CLE*L*8*15*None*20-18*5* 5.0*Brown*Gregory*Hudlin*2:38*D*None*-*None
Thursday, Jun 1*boxscore*CHW*@*DET*L*1*3*None*20-19*5* 5.5*Rowe*Lyons*None*None*D*None*--*None
Friday, Jun 2*boxscore*CHW*@*DET*L*1*14*None*20-20*5* 6.5*Herring*Gaston*None*None*D*None*---*1933-04-16 (Rain)
Saturday, Jun 3*boxscore*CHW*@*DET*W*11*6*None*21-20*5* 6.5*Jones*Bridges*Faber*None*D*None*+*None
Sunday, Jun 4*boxscore*CHW*@*SLB*W*13*6*None*22-20*4* 6.5*Durham*Knott*Heving*2:12*D*None*++*None
Sunday, Jun 4*boxscore*CHW*@*SLB*W*10*2*None*23-20*4* 6.5*Gregory*Coffman*None*1:48*D*None*+++*1933-04-14 (Rain)
Monday, Jun 5*boxscore*CHW*@*SLB*W*14*7*None*24-20*3* 6.0*Wyatt*Blaeholder*None*None*D*None*++++*None
Tuesday, Jun 6*boxscore*CHW*@*SLB*W*5*3*None*25-20*3* 6.5*Lyons*Blaeholder*None*None*D*None*+++++*None
Wednesday, Jun 7*boxscore*CHW*@*SLB*W*4*1*None*26-20*2* 6.0*Gaston*Hadley*None*None*D*None*++++++*None
Thursday, Jun 8*boxscore*CHW*None*DET*L*2*3*11*26-21*3* 6.0*Hogsett*Jones*None*None*D*None*-*None
Friday, Jun 9*boxscore*CHW*None*DET*W*10*9*14*27-21*3* 6.0*Lyons*Herring*None*None*D*None*+*None
Saturday, Jun 10*boxscore*CHW*None*DET*L*4*6*None*27-22*3* 5.5*Sorrell*Gregory*None*None*D*None*-*None
Sunday, Jun 11*boxscore*CHW*None*DET*W*6*1*None*28-22*3* 5.5*Gaston*Frazier*None*1:44*D*None*+*None
Sunday, Jun 11*boxscore*CHW*None*DET*L*3*5*None*28-23*3* 5.5*Rowe*Lyons*None*2:16*D*None*-*1933-04-25 (Snow)
Monday, Jun 12*boxscore*CHW*None*SLB*L*1*3*None*28-24*3* 6.0*Blaeholder*Durham*None*None*D*None*--*None
Tuesday, Jun 13*boxscore*CHW*None*SLB*W*6*1*None*29-24*3* 5.0*Wyatt*Gray*None*None*D*None*+*None
Wednesday, Jun 14*boxscore*CHW*None*SLB*L*1*14*None*29-25*3* 5.0*Hadley*Gregory*None*None*D*None*-*None
Saturday, Jun 17*boxscore*CHW*None*NYY*L*3*8*None*29-26*4* 5.5*Brown*Jones*None*None*D*8,000*--*None
Sunday, Jun 18*boxscore*CHW*None*NYY*L*4*6*None*29-27*4* 5.5*Ruffing*Lyons*None*2:10*D*None*---*None
Sunday, Jun 18*boxscore*CHW*None*NYY*W*5*4*10*30-27*4* 5.5*Wyatt*Moore*None*2:21*D*53,398*+*1933-05-09 (Cold)
Monday, Jun 19*boxscore*CHW*None*NYY*W*4*3*None*31-27*4* 4.5*Durham*Gomez*Faber*None*D*5,000*++*None
Tuesday, Jun 20*boxscore*CHW*None*NYY*L*8*15*None*31-28*4* 5.5*Allen*Jones*Ruffing*2:45*D*None*-*None
Wednesday, Jun 21*boxscore*CHW*None*WSH*L*0*9*None*31-29*4* 6.5*Whitehill*Gregory*None*1:39*D*None*--*None
Thursday, Jun 22*boxscore*CHW*None*WSH*L*4*11*None*31-30*4* 6.5*Crowder*Miller*Russell*None*D*None*---*None
Friday, Jun 23*boxscore*CHW*None*WSH*L*3*7*None*31-31*5* 7.5*Thomas*Lyons*Russell*1:35*D*20,000*----*None
Saturday, Jun 24*boxscore*CHW*None*WSH*L*5*7*None*31-32*5* 8.5*Stewart*Gaston*McAfee*None*D*None*-----*None
Sunday, Jun 25*boxscore*CHW*None*PHA*W*3*2*None*32-32*5* 9.5*Lyons*Earnshaw*None*1:37*D*None*+*None
Sunday, Jun 25*boxscore*CHW*None*PHA*L*3*5*10*32-33*5* 9.5*Walberg*Lyons*None*2:09*D*None*-*1933-05-02 (Cold)
Monday, Jun 26*boxscore*CHW*None*PHA*L*2*8*None*32-34*5* 10.5*Peterson*Wyatt*None*None*D*None*--*None
Tuesday, Jun 27*boxscore*CHW*None*PHA*W*8*3*None*33-34*5* 9.5*Miller*Cain*Faber*None*D*None*+*None
Wednesday, Jun 28*boxscore*CHW*None*PHA*W*9*8*None*34-34*4* 9.5*Gaston*Mahaffey*Heving*None*D*None*++*None
Friday, Jun 30*boxscore*CHW*None*BOS*L*2*4*None*34-35*4* 10.0*Johnson*Lyons*None*None*D*None*-*None
Saturday, Jul 1*boxscore*CHW*None*BOS*L*2*7*None*34-36*4* 11.0*Pipgras*Gregory*None*None*D*None*--*None
Monday, Jul 3*boxscore*CHW*@*CLE*L*2*5*None*34-37*5* 11.5*Hildebrand*Durham*None*None*D*3,000*---*None
Tuesday, Jul 4*boxscore*CHW*@*CLE*L*2*5*None*34-38*5* 12.5*Hudlin*Gaston*None*1:35*D*8,000*----*None
Tuesday, Jul 4*boxscore*CHW*@*CLE*W*6*3*None*35-38*5* 12.5*Heving*Connally*None*1:58*D*8,000*+*None
Wednesday, Jul 5*boxscore*CHW*@*CLE*W*10*6*None*36-38*4* 12.0*Lyons*Harder*None*None*D*None*++*None
Friday, Jul 7*boxscore*CHW*@*PHA*W*9*1*None*37-38*4* 11.5*Durham*Mahaffey*None*None*D*None*+++*None
Saturday, Jul 8*boxscore*CHW*@*PHA*L*4*10*None*37-39*4* 12.5*Walberg*Lyons*None*1:53*D*None*-*None
Saturday, Jul 8*boxscore*CHW*@*PHA*W*11*6*None*38-39*4* 12.5*Kimsey*Earnshaw*None*None*D*None*+*1933-05-16 (Rain)
Monday, Jul 10*boxscore*CHW*@*PHA*L*2*3*11*38-40*4* 12.5*Grove*Lyons*None*2:00*D*None*-*None
Monday, Jul 10*boxscore*CHW*@*PHA*W*7*1*None*39-40*4* 12.5*Gaston*Barrett*None*None*D*None*+*1933-07-06 (Schedule change (All-Star Game))
Tuesday, Jul 11*boxscore*CHW*@*WSH*W*9*3*None*40-40*4* 11.5*Miller*Crowder*None*None*D*None*++*None
Wednesday, Jul 12*boxscore*CHW*@*WSH*L*1*4*None*40-41*4* 12.5*Whitehill*Durham*McAfee*1:51*D*None*-*None
Thursday, Jul 13*boxscore*CHW*@*WSH*W*9*6*None*41-41*4* 11.5*Kimsey*Russell*None*None*D*None*+*None
Friday, Jul 14*boxscore*CHW*@*WSH*W*4*0*None*42-41*4* 10.5*Miller*Crowder*None*None*D*None*++*None
Saturday, Jul 15*boxscore*CHW*@*NYY*L*2*11*None*42-42*4* 12.0*Ruffing*Gaston*None*None*D*None*-*None
Tuesday, Jul 18*boxscore*CHW*@*NYY*L*4*9*None*42-43*4* 12.5*Allen*Lyons*Moore*None*D*None*--*None
Wednesday, Jul 19*boxscore*CHW*@*NYY*W*8*4*None*43-43*4* 11.5*Jones*Brown*None*None*D*None*+*None
Thursday, Jul 20*boxscore*CHW*@*BOS*L*0*5*None*43-44*4* 11.5*Pipgras*Durham*None*None*D*None*-*None
Friday, Jul 21*boxscore*CHW*@*BOS*L*2*12*None*43-45*4* 12.5*Rhodes*Gaston*None*None*D*None*--*None
Saturday, Jul 22*boxscore*CHW*@*BOS*L*3*5*None*43-46*4* 13.5*Kline*Miller*None*None*D*None*---*None
Sunday, Jul 23*boxscore*CHW*@*BOS*L*2*6*None*43-47*5* 14.5*Johnson*Lyons*None*1:55*D*20,000*----*None
Sunday, Jul 23*boxscore*CHW*@*BOS*L*2*7*None*43-48*5* 14.5*Pipgras*Kimsey*None*2:00*D*20,000*-----*1933-05-24 (Rain)
Tuesday, Jul 25*boxscore*CHW*None*CLE*L*1*2*10*43-49*6* 16.0*Harder*Jones*None*None*D*None*------*None
Wednesday, Jul 26*boxscore*CHW*None*CLE*L*1*7*None*43-50*6* 16.5*Hudlin*Heving*None*None*D*None*-------*None
Thursday, Jul 27*boxscore*CHW*None*CLE*L*1*9*None*43-51*6* 17.5*Pearson*Gaston*None*None*D*None*--------*None
Saturday, Jul 29*boxscore*CHW*None*SLB*L*2*3*None*43-52*7* 18.5*Gray*Miller*Hadley*None*D*None*---------*None
Sunday, Jul 30*boxscore*CHW*None*SLB*W*8*7*10*44-52*6* 17.0*Heving*McDonald*None*2:26*D*None*+*None
Sunday, Jul 30*boxscore*CHW*None*SLB*W*15*2*None*45-52*6* 17.0*Durham*Hadley*None*2:16*D*None*++*1933-07-28 (Schedule change)
Wednesday, Aug 2*boxscore*CHW*@*DET*W*2*1*None*46-52*5* 16.0*Jones*Marberry*None*1:52*D*None*+++*None
Wednesday, Aug 2*boxscore*CHW*@*DET*W*4*3*None*47-52*5* 16.0*Gaston*Herring*None*None*D*None*++++*1933-08-01 (Rain)
Friday, Aug 4*boxscore*CHW*@*DET*L*2*3*11*47-53*6* 17.0*Sorrell*Lyons*None*1:57*D*None*-*1933-08-03 (Wet grounds)
Saturday, Aug 5*boxscore*CHW*@*SLB*L*9*10*12*47-54*6* 18.0*Wells*Faber*None*3:00*D*None*--*None
Sunday, Aug 6*boxscore*CHW*@*SLB*W*6*5*11*48-54*6* 17.5*Kimsey*Knott*None*2:42*D*None*+*None
Sunday, Aug 6*boxscore*CHW*@*SLB*L*1*7*None*48-55*6* 17.5*Blaeholder*Gaston*None*1:43*D*None*-*1933-08-08 (Schedule change)
Monday, Aug 7*boxscore*CHW*@*SLB*L*0*6*None*48-56*6* 17.0*Stiles*Wyatt*None*1:47*D*None*--*None
Thursday, Aug 10*boxscore*CHW*None*DET*W*6*3*None*49-56*6* 18.0*Jones*Fischer*None*2:14*D*None*+*None
Friday, Aug 11*boxscore*CHW*None*DET*W*2*0*None*50-56*6* 18.0*Lyons*Marberry*None*1:36*D*None*++*None
Saturday, Aug 12*boxscore*CHW*None*DET*W*11*2*None*51-56*5* 18.0*Gaston*Frazier*None*1:55*D*None*+++*None
Sunday, Aug 13*boxscore*CHW*None*DET*L*5*6*17*51-57*6* 19.0*Sorrell*Lyons*None*3:49*D*8,000*-*None
Tuesday, Aug 15*boxscore*CHW*None*WSH*L*1*5*None*51-58*6* 20.0*Crowder*Jones*None*1:47*D*None*--*None
Wednesday, Aug 16*boxscore*CHW*None*WSH*L*1*5*None*51-59*6* 21.0*Whitehill*Gaston*None*1:45*D*None*---*None
Thursday, Aug 17*boxscore*CHW*None*WSH*L*1*14*None*51-60*6* 22.0*Weaver*Miller*None*2:07*D*None*----*None
Friday, Aug 18*boxscore*CHW*None*WSH*L*4*6*10*51-61*6* 23.0*Russell*Wyatt*None*None*D*None*-----*None
Saturday, Aug 19*boxscore*CHW*None*NYY*W*8*7*12*52-61*6* 23.0*Faber*Devens*None*None*D*None*+*None
Sunday, Aug 20*boxscore*CHW*None*NYY*L*3*14*None*52-62*6* 25.0*Allen*Jones*None*None*D*None*-*None
Sunday, Aug 20*boxscore*CHW*None*NYY*L*3*11*None*52-63*6* 25.0*Uhle*Lyons*None*1:58*D*43,000*--*1933-05-11 (Wet grounds)
Monday, Aug 21*boxscore*CHW*None*NYY*T*3*3*18*52-63*6* 25.0*None*None*None*None*D*None*--*None
Tuesday, Aug 22*boxscore*CHW*None*BOS*W*8*1*None*53-63*6* 23.5*Lyons*Rhodes*None*1:43*D*None*+*1933-06-29 (Rain)
Tuesday, Aug 22*boxscore*CHW*None*BOS*W*4*0*None*54-63*6* 23.5*Heving*Brown*None*None*D*None*++*1933-05-06 (Wet grounds)
Wednesday, Aug 23*boxscore*CHW*None*BOS*W*3*1*None*55-63*6* 22.5*Jones*Kline*None*None*D*None*+++*None
Wednesday, Aug 23*boxscore*CHW*None*BOS*W*12*1*None*56-63*6* 22.5*Durham*Fullerton*None*None*D*None*++++*None
Thursday, Aug 24*boxscore*CHW*None*BOS*L*1*6*None*56-64*6* 23.0*Welch*Wyatt*None*None*D*None*-*None
Thursday, Aug 24*boxscore*CHW*None*BOS*W*7*6*10*57-64*6* 23.0*Heving*Kline*None*2:18*D*None*+*1933-07-02 (Rain)
Friday, Aug 25*boxscore*CHW*None*BOS*L*1*8*None*57-65*6* 24.0*Rhodes*Gaston*None*None*D*None*-*None
Saturday, Aug 26*boxscore*CHW*None*PHA*L*5*10*None*57-66*6* 24.0*Mahaffey*Lyons*None*None*D*None*--*None
Sunday, Aug 27*boxscore*CHW*None*PHA*W*5*3*None*58-66*6* 23.0*Heving*Walberg*None*1:46*D*20,000*+*None
Sunday, Aug 27*boxscore*CHW*None*PHA*W*9*8*None*59-66*6* 23.0*Faber*Peterson*None*2:08*D*20,000*++*1933-05-03 (Rain)
Monday, Aug 28*boxscore*CHW*None*PHA*L*5*9*None*59-67*6* 23.5*Peterson*Jones*None*None*D*None*-*None
Tuesday, Aug 29*boxscore*CHW*None*PHA*W*11*5*None*60-67*6* 23.0*Miller*Barrett*Heving*None*D*None*+*None
Thursday, Aug 31*boxscore*CHW*None*CLE*L*1*4*None*60-68*6* 23.5*Harder*Lyons*None*2:11*D*None*-*None
Saturday, Sep 2*boxscore*CHW*None*CLE*L*4*12*None*60-69*6* 23.5*Pearson*Gaston*None*1:39*D*None*--*None
Sunday, Sep 3*boxscore*CHW*None*CLE*L*3*14*None*60-70*6* 24.5*Ferrell*Heving*None*2:11*D*None*---*None
Monday, Sep 4*boxscore*CHW*@*DET*L*0*8*None*60-71*6* 25.5*Sorrell*Jones*None*1:47*D*None*----*None
Monday, Sep 4*boxscore*CHW*@*DET*L*4*5*None*60-72*6* 25.5*Auker*Lyons*Marberry*2:00*D*None*-----*None
Wednesday, Sep 6*boxscore*CHW*@*WSH*L*1*3*None*60-73*6* 27.5*McColl*Miller*None*None*D*None*------*None
Thursday, Sep 7*boxscore*CHW*@*WSH*W*1*0*None*61-73*6* 26.5*Jones*Weaver*None*2:00*D*None*+*None
Friday, Sep 8*boxscore*CHW*@*WSH*L*2*11*None*61-74*6* 27.5*Crowder*Heving*None*2:25*D*None*-*None
Saturday, Sep 9*boxscore*CHW*@*WSH*L*2*3*11*61-75*6* 28.5*Whitehill*Faber*None*2:46*D*None*--*None
Monday, Sep 11*boxscore*CHW*@*PHA*L*3*5*None*61-76*6* 30.5*Grove*Lyons*None*None*D*None*---*None
Monday, Sep 11*boxscore*CHW*@*PHA*L*0*8*None*61-77*6* 30.5*Marcum*Heving*None*None*D*None*----*None
Wednesday, Sep 13*boxscore*CHW*@*PHA*W*3*2*None*62-77*6* 30.0*Jones*Peterson*None*1:52*D*None*+*None
Wednesday, Sep 13*boxscore*CHW*@*PHA*L*2*4*None*62-78*6* 30.0*Cain*Faber*None*1:52*D*None*-*1933-09-12 (Rain)
Monday, Sep 18*boxscore*CHW*@*NYY*L*1*6*None*62-79*6* 31.5*Allen*Gregory*None*None*D*None*--*None
Monday, Sep 18*boxscore*CHW*@*NYY*W*4*3*None*63-79*6* 31.5*Tietje*Ruffing*Wyatt*None*D*None*+*1933-07-16 (Rain)
Tuesday, Sep 19*boxscore*CHW*@*NYY*L*1*10*None*63-80*6* 32.0*Uhle*Jones*None*None*D*None*-*None
Tuesday, Sep 19*boxscore*CHW*@*NYY*L*3*10*None*63-81*6* 32.0*Devens*Lyons*None*None*D*None*--*None
Wednesday, Sep 20*boxscore*CHW*@*NYY*L*3*5*None*63-82*6* 33.0*MacFayden*Faber*None*None*D*None*---*None
Saturday, Sep 23*boxscore*CHW*@*CLE*W*6*5*11*64-82*6* 32.5*Heving*Brown*None*2:45*D*None*+*None
Sunday, Sep 24*boxscore*CHW*@*CLE*W*8*7*None*65-82*6* 32.0*Lyons*Hudlin*None*2:00*D*None*++*None
Sunday, Sep 24*boxscore*CHW*@*CLE*L*6*12*None*65-83*6* 32.0*Lee*Gregory*None*2:00*D*None*-*1933-09-25 (Schedule change)
Saturday, Sep 30*boxscore*CHW*None*SLB*W*4*1*None*66-83*6* 32.0*Durham*Hadley*Lyons*None*D*None*+*None
Sunday, Oct 1*boxscore*CHW*None*SLB*W*5*1*None*67-83*6* 31.0*Tietje*Stiles*None*1:34*D*None*++*None