date*boxscore*team*home_or_away*opponent*win_or_loss*runs*runs_allowed*innings*win_loss_record*rank*games_behind*win*loss*save*time*day_or_night*attendance*streak*originally_scheduled
Monday, Apr 15*None*CIN*None*STL*W*9*1*None*2-0*1* Tied*None*None*None*None*None*None*++*None
Tuesday, Apr 16*None*CIN*None*STL*L*0*3*None*2-1*2* 0.5*None*None*None*None*None*None*-*None
Wednesday, Apr 17*None*CIN*None*STL*W*8*3*None*3-1*2* 0.5*None*None*None*None*None*None*+*None
Friday, Apr 19*None*CIN*@*STL*L*1*4*None*3-2*3* 0.5*None*None*None*None*None*None*-*None
Saturday, Apr 20*None*CIN*@*STL*L*1*2*None*3-3*4* 1.5*None*None*None*None*None*None*--*None
Sunday, Apr 21*None*CIN*None*CHC*L*3*5*None*3-4*4* 2.5*None*None*None*None*None*None*---*None
Monday, Apr 22*None*CIN*@*CHC*L*2*3*None*3-5*5* 3.5*None*None*None*None*None*None*----*None
Tuesday, Apr 23*None*CIN*@*CHC*L*3*4*None*3-6*5* 4.5*None*None*None*None*None*None*-----*None
Wednesday, Apr 24*None*CIN*@*CHC*W*12*2*None*4-6*5* 3.5*None*None*None*None*None*None*+*None
Saturday, Apr 27*None*CIN*@*PIT*L*1*4*None*4-7*6* 5.0*None*None*None*None*None*None*-*None
Sunday, Apr 28*None*CIN*None*PIT*L*1*5*None*4-8*6* 6.5*None*None*None*None*None*None*--*None
Monday, Apr 29*None*CIN*None*CHC*L*0*1*None*4-9*6* 7.5*None*None*None*None*None*None*---*None
Tuesday, Apr 30*None*CIN*None*CHC*L*3*4*None*4-10*6* 8.5*None*None*None*None*None*None*----*None
Thursday, May 2*None*CIN*None*CHC*W*3*1*None*5-10*6* 7.5*None*None*None*None*None*None*+*None
Saturday, May 4*None*CIN*None*STL*W*5*1*None*6-10*6* 8.0*None*None*None*None*None*None*++*None
Sunday, May 5*None*CIN*None*STL*W*11*2*None*7-10*6* 7.5*None*None*None*None*None*None*+++*None
Wednesday, May 8*None*CIN*@*BSN*L*0*6*None*7-11*6* 9.0*None*None*None*None*None*None*-*None
Thursday, May 9*None*CIN*@*BSN*L*3*4*None*7-12*6* 9.5*None*None*None*None*None*None*--*None
Friday, May 10*None*CIN*@*BSN*W*6*5*None*8-12*6* 9.0*None*None*None*None*None*None*+*None
Monday, May 13*None*CIN*@*NYG*L*0*1*None*8-13*6* 10.5*None*None*None*None*None*None*-*None
Tuesday, May 14*None*CIN*@*NYG*L*2*5*None*8-14*6* 11.5*None*None*None*None*None*None*--*None
Wednesday, May 15*None*CIN*@*NYG*L*3*4*None*8-15*6* 12.5*None*None*None*None*None*None*---*None
Friday, May 17*None*CIN*@*PHI*W*12*4*None*9-15*6* 13.0*None*None*None*None*None*None*+*None
Saturday, May 18*None*CIN*@*PHI*L*2*3*None*9-16*6* 14.0*None*None*None*None*None*None*-*None
Monday, May 20*None*CIN*@*PHI*L*2*4*None*9-17*6* 14.0*None*None*None*None*None*None*--*None
Tuesday, May 21*None*CIN*@*BRO*L*2*5*None*9-18*6* 14.0*None*None*None*None*None*None*---*None
Wednesday, May 22*None*CIN*@*BRO*L*1*2*None*9-19*6* 15.0*None*None*None*None*None*None*----*None
Thursday, May 23*None*CIN*@*BRO*W*3*0*None*10-19*6* 14.0*None*None*None*None*None*None*+*None
Friday, May 24*None*CIN*@*PIT*L*2*3*None*10-20*6* 14.5*None*None*None*None*None*None*-*None
Saturday, May 25*None*CIN*None*CHC*L*0*5*None*10-21*6* 15.5*None*None*None*None*None*None*--*None
Sunday, May 26*None*CIN*None*CHC*W*9*3*None*11-21*6* 14.5*None*None*None*None*None*None*+*None
Monday, May 27*None*CIN*None*CHC*W*3*2*None*12-21*6* 14.0*None*None*None*None*None*None*++*1907-05-01 (Rain)
Tuesday, May 28*None*CIN*None*CHC*L*2*10*None*12-22*6* 14.5*None*None*None*None*None*None*-*None
Wednesday, May 29*None*CIN*@*STL*W*1*0*None*13-22*6* 14.0*None*None*None*None*None*None*+*None
Thursday, May 30*None*CIN*@*STL*W*7*5*None*14-22*5* 14.0*None*None*None*None*None*None*++*None
Thursday, May 30*None*CIN*@*STL*W*7*1*None*15-22*5* 14.0*None*None*None*None*None*None*+++*None
Sunday, Jun 2*None*CIN*None*STL*L*0*1*None*15-23*6* 14.5*None*None*None*None*None*None*-*None
Monday, Jun 3*None*CIN*None*STL*L*0*1*None*15-24*5* 15.0*None*None*None*None*None*None*--*1907-06-01 (Rain)
Monday, Jun 3*None*CIN*None*STL*W*5*1*None*16-24*5* 15.0*None*None*None*None*None*None*+*1907-05-31 (Rain; Site change)
Wednesday, Jun 5*None*CIN*None*BRO*L*0*1*None*16-25*6* 16.0*None*None*None*None*None*None*-*None
Thursday, Jun 6*None*CIN*None*BRO*T*4*4*None*16-25*5* 16.5*None*None*None*None*None*None*-*None
Saturday, Jun 8*None*CIN*None*BRO*L*0*2*None*16-26*6* 17.5*None*None*None*None*None*None*--*None
Sunday, Jun 9*None*CIN*None*BRO*L*1*3*None*16-27*6* 18.0*None*None*None*None*None*None*---*None
Sunday, Jun 9*None*CIN*None*BRO*W*11*2*None*17-27*6* 18.0*None*None*None*None*None*None*+*1907-06-07 (Rain)
Tuesday, Jun 11*None*CIN*None*BSN*L*1*2*None*17-28*6* 17.5*None*None*None*None*None*None*-*None
Tuesday, Jun 11*None*CIN*None*BSN*W*7*3*None*18-28*6* 17.5*None*None*None*None*None*None*+*1907-06-10 (Horse race (Latonia KY))
Thursday, Jun 13*None*CIN*None*PHI*W*5*2*None*19-28*5* 17.5*None*None*None*None*None*None*++*None
Friday, Jun 14*None*CIN*None*PHI*L*4*5*None*19-29*6* 18.5*None*None*None*None*None*None*-*None
Saturday, Jun 15*None*CIN*None*PHI*L*3*8*None*19-30*6* 19.5*None*None*None*None*None*None*--*None
Sunday, Jun 16*None*CIN*None*PHI*W*2*0*None*20-30*6* 18.5*None*None*None*None*None*None*+*None
Monday, Jun 17*None*CIN*None*NYG*L*1*9*None*20-31*6* 19.5*None*None*None*None*None*None*-*None
Tuesday, Jun 18*None*CIN*None*NYG*L*3*4*None*20-32*6* 20.5*None*None*None*None*None*None*--*None
Wednesday, Jun 19*None*CIN*None*NYG*W*3*2*None*21-32*6* 19.5*None*None*None*None*None*None*+*None
Thursday, Jun 20*None*CIN*None*NYG*W*6*5*None*22-32*6* 19.5*None*None*None*None*None*None*++*None
Saturday, Jun 22*None*CIN*@*PIT*L*2*6*None*22-33*6* 21.0*None*None*None*None*None*None*-*None
Sunday, Jun 23*None*CIN*None*PIT*L*3*6*None*22-34*6* 21.5*None*None*None*None*None*None*--*None
Sunday, Jun 23*None*CIN*None*PIT*W*3*0*None*23-34*6* 21.5*None*None*None*None*None*None*+*1907-04-12 (Rain)
Monday, Jun 24*None*CIN*@*PIT*W*12*5*None*24-34*6* 21.5*None*None*None*None*None*None*++*None
Tuesday, Jun 25*None*CIN*@*PIT*W*4*2*None*25-34*5* 20.5*None*None*None*None*None*None*+++*None
Tuesday, Jun 25*None*CIN*@*PIT*W*6*5*None*26-34*5* 20.5*None*None*None*None*None*None*++++*1907-04-26 (Rain)
Thursday, Jun 27*None*CIN*None*STL*W*2*1*None*27-34*5* 20.5*None*None*None*None*None*None*+++++*None
Saturday, Jun 29*None*CIN*None*STL*W*4*3*None*28-34*5* 19.0*None*None*None*None*None*None*++++++*None
Sunday, Jun 30*None*CIN*None*STL*L*1*4*None*28-35*5* 18.5*None*None*None*None*None*None*-*None
Sunday, Jun 30*None*CIN*None*STL*W*6*3*None*29-35*5* 18.5*None*None*None*None*None*None*+*1907-06-28 (Rain)
Tuesday, Jul 2*None*CIN*@*CHC*L*3*5*None*29-36*5* 20.0*None*None*None*None*None*None*-*None
Wednesday, Jul 3*None*CIN*@*CHC*L*1*3*None*29-37*5* 21.0*None*None*None*None*None*None*--*None
Thursday, Jul 4*None*CIN*@*CHC*L*1*5*None*29-38*5* 23.0*None*None*None*None*None*None*---*None
Thursday, Jul 4*None*CIN*@*CHC*L*0*2*None*29-39*5* 23.0*None*None*None*None*None*None*----*None
Saturday, Jul 6*None*CIN*@*BSN*L*5*7*None*29-40*6* 23.5*None*None*None*None*None*None*-----*None
Monday, Jul 8*None*CIN*@*BSN*L*0*2*None*29-41*6* 24.0*None*None*None*None*None*None*------*None
Monday, Jul 8*None*CIN*@*BSN*W*4*0*None*30-41*6* 24.0*None*None*None*None*None*None*+*1907-05-11 (Rain)
Tuesday, Jul 9*None*CIN*@*BSN*L*1*5*None*30-42*6* 25.0*None*None*None*None*None*None*-*None
Wednesday, Jul 10*None*CIN*@*BSN*L*4*5*None*30-43*6* 25.0*None*None*None*None*None*None*--*None
Thursday, Jul 11*None*CIN*@*NYG*L*0*10*None*30-44*7* 25.0*None*None*None*None*None*None*---*None
Friday, Jul 12*None*CIN*@*NYG*L*2*3*None*30-45*7* 26.0*None*None*None*None*None*None*----*None
Saturday, Jul 13*None*CIN*@*NYG*L*0*4*None*30-46*7* 26.0*None*None*None*None*None*None*-----*None
Monday, Jul 15*None*CIN*@*NYG*W*5*2*None*31-46*7* 26.0*None*None*None*None*None*None*+*None
Tuesday, Jul 16*None*CIN*@*PHI*L*4*7*None*31-47*7* 27.0*None*None*None*None*None*None*-*None
Wednesday, Jul 17*None*CIN*@*PHI*W*7*1*None*32-47*7* 27.0*None*None*None*None*None*None*+*None
Friday, Jul 19*None*CIN*@*BRO*L*1*8*None*32-48*7* 28.5*None*None*None*None*None*None*-*None
Saturday, Jul 20*None*CIN*@*BRO*L*1*2*None*32-49*7* 28.5*None*None*None*None*None*None*--*None
Monday, Jul 22*None*CIN*@*BRO*W*2*1*None*33-49*7* 28.5*None*None*None*None*None*None*+*None
Tuesday, Jul 23*None*CIN*@*BRO*L*0*2*None*33-50*7* 28.5*None*None*None*None*None*None*-*None
Thursday, Jul 25*None*CIN*None*NYG*L*3*4*None*33-51*7* 29.5*None*None*None*None*None*None*--*None
Saturday, Jul 27*None*CIN*None*NYG*W*3*2*None*34-51*7* 29.0*None*None*None*None*None*None*+*None
Sunday, Jul 28*None*CIN*None*NYG*W*8*3*None*35-51*7* 27.5*None*None*None*None*None*None*++*None
Sunday, Jul 28*None*CIN*None*NYG*W*3*1*None*36-51*7* 27.5*None*None*None*None*None*None*+++*1907-07-26 (Schedule change)
Monday, Jul 29*None*CIN*None*PHI*L*1*2*None*36-52*7* 28.5*None*None*None*None*None*None*-*None
Tuesday, Jul 30*None*CIN*None*PHI*W*8*0*None*37-52*7* 28.5*None*None*None*None*None*None*+*None
Thursday, Aug 1*None*CIN*None*PHI*L*0*4*None*37-53*7* 29.5*None*None*None*None*None*None*-*None
Thursday, Aug 1*None*CIN*None*PHI*W*1*0*None*38-53*7* 29.5*None*None*None*None*None*None*+*1907-07-31 (Rain)
Friday, Aug 2*None*CIN*None*BSN*W*5*3*None*39-53*6* 29.5*None*None*None*None*None*None*++*None
Saturday, Aug 3*None*CIN*None*BSN*W*4*3*None*40-53*6* 29.5*None*None*None*None*None*None*+++*None
Sunday, Aug 4*None*CIN*None*BSN*W*4*1*None*41-53*5* 29.0*None*None*None*None*None*None*++++*None
Sunday, Aug 4*None*CIN*None*BSN*W*7*2*None*42-53*5* 29.0*None*None*None*None*None*None*+++++*1907-06-12 (Wet grounds)
Tuesday, Aug 6*None*CIN*None*BSN*W*4*3*None*43-53*5* 28.0*None*None*None*None*None*None*++++++*None
Tuesday, Aug 6*None*CIN*None*BSN*W*2*1*None*44-53*5* 28.0*None*None*None*None*None*None*+++++++*1907-08-05 (Rain)
Wednesday, Aug 7*None*CIN*None*BRO*L*2*4*None*44-54*5* 28.0*None*None*None*None*None*None*-*None
Thursday, Aug 8*None*CIN*None*BRO*L*2*6*None*44-55*6* 29.0*None*None*None*None*None*None*--*None
Saturday, Aug 10*None*CIN*None*BRO*L*1*2*None*44-56*6* 28.5*None*None*None*None*None*None*---*None
Sunday, Aug 11*None*CIN*None*BRO*W*5*1*None*45-56*6* 29.5*None*None*None*None*None*None*+*None
Sunday, Aug 11*None*CIN*None*BRO*L*1*2*None*45-57*6* 29.5*None*None*None*None*None*None*-*None
Tuesday, Aug 13*None*CIN*@*NYG*L*3*5*None*45-58*6* 30.5*None*None*None*None*None*None*--*None
Wednesday, Aug 14*None*CIN*@*NYG*W*9*4*None*46-58*6* 29.5*None*None*None*None*None*None*+*None
Thursday, Aug 15*None*CIN*@*NYG*L*3*4*None*46-59*6* 30.5*None*None*None*None*None*None*-*None
Friday, Aug 16*None*CIN*@*NYG*T*4*4*None*46-59*6* 31.0*None*None*None*None*None*None*-*None
Saturday, Aug 17*None*CIN*@*BRO*L*3*4*None*46-60*6* 32.5*None*None*None*None*None*None*--*None
Saturday, Aug 17*None*CIN*@*BRO*L*0*3*None*46-61*6* 32.5*None*None*None*None*None*None*---*1907-08-21 (Schedule change)
Monday, Aug 19*None*CIN*@*BRO*W*5*2*None*47-61*6* 31.5*None*None*None*None*None*None*+*None
Tuesday, Aug 20*None*CIN*@*BRO*L*3*9*None*47-62*6* 32.5*None*None*None*None*None*None*-*None
Thursday, Aug 22*None*CIN*@*PHI*L*2*5*None*47-63*6* 33.5*None*None*None*None*None*None*--*None
Thursday, Aug 22*None*CIN*@*PHI*L*1*2*None*47-64*6* 33.5*None*None*None*None*None*None*---*1907-05-16 (Rain)
Friday, Aug 23*None*CIN*@*PHI*W*10*6*None*48-64*6* 33.5*None*None*None*None*None*None*+*None
Saturday, Aug 24*None*CIN*@*PHI*L*4*5*None*48-65*6* 34.5*None*None*None*None*None*None*-*None
Saturday, Aug 24*None*CIN*@*PHI*L*0*6*None*48-66*6* 34.5*None*None*None*None*None*None*--*1907-07-18 (Rain)
Monday, Aug 26*None*CIN*@*PHI*L*3*4*None*48-67*6* 36.0*None*None*None*None*None*None*---*None
Tuesday, Aug 27*None*CIN*@*BSN*W*3*2*None*49-67*6* 36.0*None*None*None*None*None*None*+*None
Wednesday, Aug 28*None*CIN*@*BSN*L*4*5*None*49-68*6* 37.0*None*None*None*None*None*None*-*None
Thursday, Aug 29*None*CIN*@*BSN*W*8*3*None*50-68*6* 37.0*None*None*None*None*None*None*+*None
Saturday, Aug 31*None*CIN*None*CHC*L*1*2*None*50-69*6* 38.0*None*None*None*None*None*None*-*None
Sunday, Sep 1*None*CIN*None*PIT*L*1*6*None*50-70*6* 38.0*None*None*None*None*None*None*--*None
Sunday, Sep 1*None*CIN*None*PIT*T*2*2*None*50-70*6* 38.0*None*None*None*None*None*None*--*1907-04-13 (Rain)
Monday, Sep 2*None*CIN*@*PIT*L*4*5*None*50-71*6* 37.5*None*None*None*None*None*None*---*None
Tuesday, Sep 3*None*CIN*@*PIT*W*4*2*None*51-71*6* 37.5*None*None*None*None*None*None*+*None
Wednesday, Sep 4*None*CIN*@*PIT*L*0*2*None*51-72*6* 39.0*None*None*None*None*None*None*-*None
Wednesday, Sep 4*None*CIN*@*PIT*L*2*5*None*51-73*6* 39.0*None*None*None*None*None*None*--*1907-06-26 (Rain)
Thursday, Sep 5*None*CIN*@*STL*L*5*6*None*51-74*6* 39.0*None*None*None*None*None*None*---*None
Friday, Sep 6*None*CIN*@*STL*L*0*6*None*51-75*6* 39.0*None*None*None*None*None*None*----*None
Saturday, Sep 7*None*CIN*@*STL*W*4*3*None*52-75*6* 39.0*None*None*None*None*None*None*+*None
Sunday, Sep 8*None*CIN*@*STL*W*6*0*None*53-75*6* 38.0*None*None*None*None*None*None*++*None
Sunday, Sep 8*None*CIN*@*STL*W*2*1*None*54-75*6* 38.0*None*None*None*None*None*None*+++*1907-04-18 (Wet grounds)
Wednesday, Sep 11*None*CIN*None*PIT*W*2*1*None*55-75*6* 37.5*None*None*None*None*None*None*++++*None
Thursday, Sep 12*None*CIN*@*CHC*L*1*3*None*55-76*6* 38.5*None*None*None*None*None*None*-*None
Friday, Sep 13*None*CIN*@*CHC*L*2*3*None*55-77*6* 39.5*None*None*None*None*None*None*--*None
Saturday, Sep 14*None*CIN*@*CHC*L*5*12*None*55-78*6* 40.5*None*None*None*None*None*None*---*None
Sunday, Sep 15*None*CIN*@*CHC*L*1*8*None*55-79*6* 41.5*None*None*None*None*None*None*----*None
Wednesday, Sep 18*None*CIN*None*CHC*L*1*2*None*55-80*6* 42.5*None*None*None*None*None*None*-----*None
Thursday, Sep 19*None*CIN*None*CHC*W*6*1*None*56-80*6* 41.5*None*None*None*None*None*None*+*1907-09-17 (Schedule change)
Friday, Sep 20*None*CIN*None*NYG*L*3*5*None*56-81*6* 42.0*None*None*None*None*None*None*-*None
Saturday, Sep 21*None*CIN*None*NYG*L*2*6*None*56-82*6* 43.0*None*None*None*None*None*None*--*None
Sunday, Sep 22*None*CIN*None*NYG*W*1*0*None*57-82*6* 42.0*None*None*None*None*None*None*+*None
Sunday, Sep 22*None*CIN*None*NYG*W*2*1*None*58-82*6* 42.0*None*None*None*None*None*None*++*None
Monday, Sep 23*None*CIN*None*BSN*W*11*6*None*59-82*6* 42.0*None*None*None*None*None*None*+++*None
Tuesday, Sep 24*None*CIN*None*BSN*W*10*4*None*60-82*6* 41.5*None*None*None*None*None*None*++++*None
Wednesday, Sep 25*None*CIN*None*BSN*L*5*9*None*60-83*6* 42.0*None*None*None*None*None*None*-*None
Sunday, Sep 29*None*CIN*None*PHI*L*0*1*None*60-84*6* 41.5*None*None*None*None*None*None*--*None
Sunday, Sep 29*None*CIN*None*PHI*W*4*3*None*61-84*6* 41.5*None*None*None*None*None*None*+*1907-09-26 (Inclement weather)
Monday, Sep 30*None*CIN*None*BRO*W*6*3*None*62-84*6* 41.5*None*None*None*None*None*None*++*None
Tuesday, Oct 1*None*CIN*None*BRO*W*3*0*None*63-84*6* 41.5*None*None*None*None*None*None*+++*None
Friday, Oct 4*None*CIN*None*PIT*L*1*2*None*63-85*6* 42.5*None*None*None*None*None*None*-*1907-09-10 (Rain)
Friday, Oct 4*None*CIN*None*PIT*W*6*1*None*64-85*6* 42.5*None*None*None*None*None*None*+*1907-04-14 (Rain)
Saturday, Oct 5*None*CIN*None*PIT*L*0*1*None*64-86*6* 41.5*None*None*None*None*None*None*-*None
Saturday, Oct 5*None*CIN*None*PIT*W*4*1*None*65-86*6* 41.5*None*None*None*None*None*None*+*1907-09-02 (Rain; Site change)
Sunday, Oct 6*None*CIN*None*PIT*L*3*4*None*65-87*6* 41.5*None*None*None*None*None*None*-*None
Sunday, Oct 6*None*CIN*None*PIT*W*13*1*None*66-87*6* 41.5*None*None*None*None*None*None*+*None