date*boxscore*team*home_or_away*opponent*win_or_loss*runs*runs_allowed*innings*win_loss_record*rank*games_behind*win*loss*save*time*day_or_night*attendance*streak*originally_scheduled
Friday, Apr 29*None*PHI*@*NYG*L*4*7*None*0-2*7* 2.0*None*None*None*2:20*None*2,000*--*None
Saturday, Apr 30*None*PHI*None*NYG*W*15*9*None*1-2*5* 2.0*None*None*None*None*None*14,500*+*None
Monday, May 2*None*PHI*None*BSN*L*6*12*None*1-3*5* 2.5*None*None*None*None*None*None*-*None
Tuesday, May 3*None*PHI*None*BSN*L*3*5*None*1-4*7* 3.5*None*None*None*None*None*None*--*None
Wednesday, May 4*None*PHI*None*BSN*W*12*0*None*2-4*5* 3.0*None*None*None*None*None*None*+*None
Thursday, May 5*None*PHI*@*WHS*T*5*5*None*2-4*5* 3.5*None*None*None*2:10*None*None*+*None
Friday, May 6*None*PHI*@*WHS*W*2*1*None*3-4*5* 3.5*None*None*None*1:50*None*None*++*None
Saturday, May 7*None*PHI*@*WHS*W*8*1*None*4-4*5* 3.5*None*None*None*1:40*None*None*+++*None
Monday, May 9*None*PHI*@*BSN*W*5*2*None*5-4*3* 3.5*None*None*None*1:35*None*10,000*++++*None
Tuesday, May 10*None*PHI*@*BSN*L*4*17*None*5-5*3* 4.5*None*None*None*None*None*None*-*None
Wednesday, May 11*None*PHI*@*BSN*W*9*4*None*6-5*3* 4.5*None*None*None*2:00*None*None*+*None
Thursday, May 12*None*PHI*None*NYG*L*0*1*None*6-6*4* 4.5*None*None*None*1:40*None*None*-*None
Friday, May 13*None*PHI*None*NYG*W*6*1*None*7-6*3* 4.5*None*None*None*1:40*None*None*+*None
Saturday, May 14*None*PHI*@*NYG*W*17*2*None*8-6*3* 4.5*None*None*None*1:45*None*7,000*++*None
Monday, May 16*None*PHI*None*DTN*L*8*10*None*8-7*3* 5.5*None*None*None*1:40*None*12,000*-*None
Tuesday, May 17*None*PHI*None*DTN*L*10*19*None*8-8*4* 6.5*None*None*None*None*None*None*--*None
Wednesday, May 18*None*PHI*None*DTN*L*7*9*None*8-9*4* 7.5*None*None*None*1:50*None*None*---*None
Thursday, May 19*None*PHI*None*DTN*L*5*16*None*8-10*4* 8.5*None*None*None*2:00*None*None*----*1887-08-27 (Schedule change)
Friday, May 20*None*PHI*None*CHC*L*4*5*None*8-11*4* 9.5*None*None*None*1:45*None*None*-----*None
Saturday, May 21*None*PHI*None*CHC*W*4*3*None*9-11*4* 9.5*None*None*None*2:00*None*None*+*None
Monday, May 23*None*PHI*None*CHC*L*5*6*None*9-12*4* 9.5*None*None*None*2:20*None*None*-*None
Tuesday, May 24*None*PHI*None*CHC*W*4*2*None*10-12*4* 9.0*None*None*None*1:45*None*None*+*None
Thursday, May 26*None*PHI*None*IND*W*9*7*None*11-12*4* 8.0*None*None*None*2:20*None*None*++*None
Friday, May 27*None*PHI*None*IND*W*6*0*None*12-12*4* 8.0*None*None*None*1:45*None*None*+++*None
Saturday, May 28*None*PHI*None*IND*W*10*8*None*13-12*4* 7.0*None*None*None*1:45*None*None*++++*None
Monday, May 30*None*PHI*@*PIT*W*2*1*None*14-12*4* 7.0*None*None*None*1:55*None*None*+++++*None
Monday, May 30*None*PHI*@*PIT*L*4*6*None*14-13*4* 7.0*None*None*None*1:55*None*None*-*None
Tuesday, May 31*None*PHI*@*PIT*W*6*5*None*15-13*4* 6.0*None*None*None*1:40*None*None*+*None
Thursday, Jun 2*None*PHI*None*BSN*L*0*2*None*15-14*4* 6.5*None*None*None*None*None*None*-*1887-06-01 (Schedule change)
Friday, Jun 3*None*PHI*None*BSN*W*3*1*None*16-14*4* 5.5*None*None*None*1:35*None*None*+*None
Saturday, Jun 4*None*PHI*None*BSN*L*1*3*None*16-15*4* 5.5*None*None*None*1:55*None*None*-*None
Monday, Jun 6*None*PHI*None*NYG*T*6*6*None*16-15*4* 5.5*None*None*None*1:45*None*None*-*None
Tuesday, Jun 7*None*PHI*None*NYG*W*15*14*None*17-15*4* 5.5*None*None*None*1:15*None*None*+*None
Wednesday, Jun 8*None*PHI*None*NYG*L*4*7*None*17-16*4* 6.0*None*None*None*2:05*None*None*-*None
Thursday, Jun 9*None*PHI*@*BSN*L*3*7*None*17-17*4* 7.0*None*None*None*2:00*None*None*--*None
Friday, Jun 10*None*PHI*@*BSN*L*4*7*None*17-18*4* 8.0*None*None*None*1:50*None*None*---*None
Saturday, Jun 11*None*PHI*@*BSN*L*9*11*None*17-19*5* 9.0*None*None*None*2:25*None*None*----*None
Monday, Jun 13*None*PHI*@*NYG*W*5*4*None*18-19*5* 8.0*None*None*None*None*None*None*+*None
Tuesday, Jun 14*None*PHI*@*NYG*L*2*5*None*18-20*5* 9.0*None*None*None*2:05*None*None*-*None
Wednesday, Jun 15*None*PHI*@*NYG*L*1*29*None*18-21*5* 10.0*None*None*None*None*None*None*--*None
Thursday, Jun 16*None*PHI*None*WHS*W*18*4*None*19-21*5* 9.0*None*None*None*2:00*None*None*+*None
Friday, Jun 17*None*PHI*None*WHS*L*7*13*None*19-22*5* 10.0*None*None*None*2:40*None*None*-*None
Saturday, Jun 18*None*PHI*None*WHS*W*7*6*None*20-22*5* 9.0*None*None*None*2:00*None*None*+*None
Tuesday, Jun 21*None*PHI*@*CHC*L*4*9*None*20-23*5* 10.0*None*None*None*1:10*None*None*-*None
Wednesday, Jun 22*None*PHI*@*CHC*L*8*11*None*20-24*5* 11.0*None*None*None*2:20*None*None*--*None
Thursday, Jun 23*None*PHI*@*CHC*T*7*7*None*20-24*5* 11.5*None*None*None*2:35*None*None*--*None
Friday, Jun 24*None*PHI*@*IND*L*5*6*None*20-25*5* 12.0*None*None*None*2:45*None*None*---*1887-08-05 (Unknown reason)
Saturday, Jun 25*None*PHI*@*IND*W*11*5*None*21-25*5* 11.0*None*None*None*1:50*None*None*+*None
Monday, Jun 27*None*PHI*@*IND*W*12*2*None*22-25*5* 10.0*None*None*None*2:05*None*None*++*None
Tuesday, Jun 28*None*PHI*@*IND*W*24*0*None*23-25*5* 10.0*None*None*None*2:00*None*None*+++*None
Wednesday, Jun 29*None*PHI*@*DTN*L*7*8*None*23-26*5* 11.0*None*None*None*1:50*None*None*-*1887-09-21 (Unknown reason)
Thursday, Jun 30*None*PHI*@*DTN*W*10*5*None*24-26*5* 10.0*None*None*None*None*None*None*+*None
Friday, Jul 1*None*PHI*@*DTN*L*13*17*None*24-27*5* 11.0*None*None*None*2:10*None*None*-*None
Saturday, Jul 2*None*PHI*@*DTN*L*3*11*None*24-28*5* 12.0*None*None*None*1:20*None*None*--*None
Monday, Jul 4*None*PHI*None*PIT*W*9*5*None*25-28*5* 12.5*None*None*None*2:00*None*None*+*None
Monday, Jul 4*None*PHI*None*PIT*L*4*8*None*25-29*5* 12.5*None*None*None*1:50*None*None*-*None
Wednesday, Jul 6*None*PHI*None*PIT*W*9*2*None*26-29*5* 12.5*None*None*None*2:00*None*None*+*None
Thursday, Jul 7*None*PHI*None*CHC*L*3*5*None*26-30*5* 12.5*None*None*None*2:00*None*None*-*None
Friday, Jul 8*None*PHI*None*CHC*L*3*5*None*26-31*5* 13.5*None*None*None*2:30*None*None*--*None
Saturday, Jul 9*None*PHI*None*CHC*L*3*5*None*26-32*5* 14.5*None*None*None*2:10*None*None*---*None
Monday, Jul 11*None*PHI*None*IND*W*8*6*None*27-32*5* 14.0*None*None*None*2:00*None*None*+*None
Tuesday, Jul 12*None*PHI*None*IND*W*11*5*None*28-32*5* 13.0*None*None*None*2:08*None*None*++*None
Wednesday, Jul 13*None*PHI*None*IND*W*16*5*None*29-32*5* 12.0*None*None*None*2:00*None*None*+++*None
Friday, Jul 15*None*PHI*None*DTN*W*5*2*None*30-32*5* 11.5*None*None*None*2:00*None*None*++++*None
Saturday, Jul 16*None*PHI*None*DTN*W*10*4*None*31-32*5* 10.5*None*None*None*2:15*None*None*+++++*None
Monday, Jul 18*None*PHI*None*DTN*W*12*2*None*32-32*5* 9.5*None*None*None*2:00*None*None*++++++*None
Tuesday, Jul 19*None*PHI*None*PIT*W*9*4*None*33-32*5* 9.0*None*None*None*1:45*None*None*+++++++*None
Wednesday, Jul 20*None*PHI*None*PIT*W*9*2*None*34-32*5* 8.0*None*None*None*1:35*None*None*++++++++*None
Friday, Jul 22*None*PHI*None*PIT*L*3*4*None*34-33*5* 8.0*None*None*None*None*None*None*-*1887-07-05 (Rain)
Saturday, Jul 23*None*PHI*@*WHS*L*3*8*None*34-34*5* 8.0*None*None*None*None*None*None*--*None
Monday, Jul 25*None*PHI*@*WHS*L*2*3*None*34-35*5* 9.0*None*None*None*1:50*None*None*---*None
Tuesday, Jul 26*None*PHI*@*WHS*W*7*5*None*35-35*5* 8.0*None*None*None*2:10*None*None*+*None
Thursday, Jul 28*None*PHI*@*PIT*W*4*2*None*36-35*5* 7.5*None*None*None*None*None*None*++*None
Friday, Jul 29*None*PHI*@*PIT*W*3*2*None*37-35*5* 7.5*None*None*None*2:35*None*None*+++*None
Saturday, Jul 30*None*PHI*@*PIT*L*3*10*None*37-36*5* 8.5*None*None*None*1:45*None*2,500*-*None
Monday, Aug 1*None*PHI*@*DTN*W*7*2*None*38-36*5* 7.5*None*None*None*1:40*None*None*+*None
Tuesday, Aug 2*None*PHI*@*DTN*L*3*10*None*38-37*5* 8.5*None*None*None*1:45*None*None*-*None
Wednesday, Aug 3*None*PHI*@*DTN*L*6*9*None*38-38*5* 9.5*None*None*None*2:00*None*None*--*None
Thursday, Aug 4*None*PHI*@*CHC*W*13*9*None*39-38*5* 9.5*None*None*None*2:40*None*None*+*None
Saturday, Aug 6*None*PHI*@*IND*W*5*0*None*40-38*5* 9.0*None*None*None*2:00*None*None*++*None
Monday, Aug 8*None*PHI*@*IND*W*8*5*None*41-38*5* 8.0*None*None*None*1:35*None*None*+++*None
Tuesday, Aug 9*None*PHI*@*CHC*W*17*4*None*42-38*5* 8.0*None*None*None*2:40*None*None*++++*None
Wednesday, Aug 10*None*PHI*@*CHC*L*3*14*None*42-39*5* 8.0*None*None*None*2:10*None*None*-*None
Thursday, Aug 11*None*PHI*@*CHC*W*3*2*None*43-39*5* 8.0*None*None*None*1:55*None*None*+*None
Saturday, Aug 13*None*PHI*None*WHS*W*5*2*None*44-39*5* 7.0*None*None*None*1:45*None*None*++*None
Monday, Aug 15*None*PHI*None*WHS*W*6*1*None*45-39*5* 6.0*None*None*None*2:15*None*None*+++*None
Tuesday, Aug 16*None*PHI*None*WHS*W*7*6*None*46-39*4* 6.0*None*None*None*2:20*None*None*++++*None
Wednesday, Aug 17*None*PHI*None*NYG*W*3*2*None*47-39*4* 5.5*None*None*None*2:05*None*None*+++++*None
Thursday, Aug 18*None*PHI*None*NYG*W*11*2*None*48-39*3* 5.5*None*None*None*2:05*None*None*++++++*None
Friday, Aug 19*None*PHI*None*NYG*L*8*10*None*48-40*5* 5.5*None*None*None*2:00*None*None*-*None
Saturday, Aug 20*None*PHI*None*NYG*T*5*5*None*48-40*4* 5.0*None*None*None*2:40*None*None*-*None
Monday, Aug 22*None*PHI*None*IND*W*4*1*None*49-40*4* 5.0*None*None*None*None*None*None*+*None
Tuesday, Aug 23*None*PHI*None*IND*W*10*4*None*50-40*4* 5.0*None*None*None*1:55*None*None*++*None
Wednesday, Aug 24*None*PHI*None*IND*W*10*9*None*51-40*3* 5.0*None*None*None*2:00*None*None*+++*None
Thursday, Aug 25*None*PHI*None*DTN*W*8*2*None*52-40*3* 4.0*None*None*None*2:00*None*None*++++*None
Friday, Aug 26*None*PHI*None*DTN*L*5*7*None*52-41*3* 5.0*None*None*None*1:50*None*None*-*None
Monday, Aug 29*None*PHI*None*PIT*L*6*7*None*52-42*4* 6.0*None*None*None*1:55*None*None*--*None
Tuesday, Aug 30*None*PHI*None*PIT*W*4*1*None*53-42*4* 6.0*None*None*None*1:30*None*None*+*None
Wednesday, Aug 31*None*PHI*None*PIT*L*3*4*None*53-43*4* 7.0*None*None*None*1:30*None*None*-*None
Thursday, Sep 1*None*PHI*None*CHC*L*3*4*None*53-44*4* 8.0*None*None*None*1:55*None*None*--*None
Saturday, Sep 3*None*PHI*None*CHC*W*14*3*None*54-44*4* 7.5*None*None*None*None*None*None*+*None
Monday, Sep 5*None*PHI*@*BSN*L*11*13*None*54-45*5* 7.5*None*None*None*2:30*None*None*-*None
Tuesday, Sep 6*None*PHI*@*BSN*W*10*4*None*55-45*4* 7.0*None*None*None*2:00*None*None*+*None
Wednesday, Sep 7*None*PHI*@*BSN*W*3*2*None*56-45*4* 7.5*None*None*None*1:45*None*None*++*None
Thursday, Sep 8*None*PHI*@*WHS*W*7*6*None*57-45*3* 7.5*None*None*None*None*None*None*+++*None
Friday, Sep 9*None*PHI*@*WHS*W*10*3*None*58-45*2* 7.0*None*None*None*None*None*None*++++*None
Saturday, Sep 10*None*PHI*@*WHS*W*17*3*None*59-45*3* 7.5*None*None*None*2:00*None*None*+++++*None
Monday, Sep 12*None*PHI*@*CHC*L*3*7*None*59-46*3* 8.5*None*None*None*1:50*None*None*-*None
Tuesday, Sep 13*None*PHI*@*CHC*L*13*16*None*59-47*3* 8.5*None*None*None*None*None*None*--*None
Wednesday, Sep 14*None*PHI*@*CHC*L*12*17*None*59-48*4* 9.5*None*None*None*None*None*None*---*None
Thursday, Sep 15*None*PHI*@*IND*W*8*4*None*60-48*4* 9.5*None*None*None*None*None*None*+*None
Friday, Sep 16*None*PHI*@*IND*W*8*2*None*61-48*3* 9.5*None*None*None*None*None*None*++*None
Saturday, Sep 17*None*PHI*@*IND*W*17*6*None*62-48*3* 9.5*None*None*None*None*None*None*+++*None
Monday, Sep 19*None*PHI*@*DTN*W*10*1*None*63-48*3* 8.5*None*None*None*None*None*None*++++*None
Tuesday, Sep 20*None*PHI*@*DTN*W*3*2*None*64-48*3* 7.5*None*None*None*2:00*None*None*+++++*None
Friday, Sep 23*None*PHI*@*PIT*W*5*0*None*65-48*3* 8.0*None*None*None*None*None*None*++++++*None
Saturday, Sep 24*None*PHI*@*PIT*W*13*3*None*66-48*3* 6.5*None*None*None*1:15*None*None*+++++++*None
Saturday, Sep 24*None*PHI*@*PIT*W*8*1*None*67-48*3* 6.5*None*None*None*1:25*None*None*++++++++*1887-09-22 (Rain)
Monday, Sep 26*None*PHI*None*WHS*W*8*5*None*68-48*3* 6.5*None*None*None*None*None*None*+++++++++*None
Tuesday, Sep 27*None*PHI*None*WHS*W*2*1*None*69-48*3* 6.5*None*None*None*None*None*None*++++++++++*None
Saturday, Oct 1*None*PHI*None*BSN*W*13*4*None*70-48*3* 6.5*None*None*None*None*None*None*+++++++++++*None
Monday, Oct 3*None*PHI*None*BSN*W*3*0*None*71-48*3* 6.5*None*None*None*None*None*None*++++++++++++*None
Tuesday, Oct 4*None*PHI*None*BSN*W*6*3*None*72-48*3* 5.5*None*None*None*None*None*None*+++++++++++++*1887-09-30 (Wet grounds)
Wednesday, Oct 5*None*PHI*@*NYG*W*1*0*None*73-48*2* 4.5*None*None*None*None*None*None*++++++++++++++*None
Thursday, Oct 6*None*PHI*@*NYG*W*6*3*None*74-48*2* 4.5*None*None*None*None*None*None*+++++++++++++++*None
Friday, Oct 7*None*PHI*None*NYG*T*5*5*None*74-48*2* 4.5*None*None*None*None*None*None*+++++++++++++++*None
Saturday, Oct 8*None*PHI*@*NYG*W*6*3*None*75-48*2* 3.5*None*None*None*None*None*None*++++++++++++++++*None