date*boxscore*team*home_or_away*opponent*win_or_loss*runs*runs_allowed*innings*win_loss_record*rank*games_behind*win*loss*save*time*day_or_night*attendance*streak*originally_scheduled
Friday, May 2*None*PIT*None*PHA*L*2*11*None*0-2*10* 2.0*None*None*None*None*None*None*--*None
Saturday, May 3*None*PIT*None*PHA*W*9*8*None*1-2*8* 2.0*None*None*None*None*None*None*+*None
Monday, May 5*None*PIT*None*NYP*L*1*6*None*1-3*10* 3.0*None*None*None*None*None*None*-*None
Wednesday, May 7*None*PIT*None*NYP*L*1*8*None*1-4*12* 4.0*None*None*None*None*None*None*--*None
Thursday, May 8*None*PIT*None*NYP*L*1*8*None*1-5*12* 4.5*None*None*None*None*None*None*---*1884-05-06 (Rain)
Friday, May 9*None*PIT*None*BRO*W*8*2*None*2-5*11* 4.5*None*None*None*None*None*None*+*None
Saturday, May 10*None*PIT*None*BRO*W*16*6*None*3-5*10* 3.5*None*None*None*None*None*None*++*None
Monday, May 12*None*PIT*None*BRO*W*9*6*None*4-5*8* 3.5*None*None*None*None*None*None*+++*None
Tuesday, May 13*None*PIT*@*NYP*L*4*13*None*4-6*9* 4.0*None*None*None*None*None*None*-*None
Wednesday, May 14*None*PIT*@*NYP*L*2*4*None*4-7*10* 5.0*None*None*None*None*None*None*--*None
Thursday, May 15*None*PIT*@*NYP*L*0*8*None*4-8*11* 6.0*None*None*None*None*None*None*---*None
Saturday, May 17*None*PIT*@*BRO*W*4*3*None*5-8*10* 6.0*None*None*None*None*None*None*+*None
Monday, May 19*None*PIT*@*BRO*L*6*11*None*5-9*10* 6.0*None*None*None*None*None*None*-*None
Tuesday, May 20*None*PIT*@*BRO*W*10*1*None*6-9*10* 5.0*None*None*None*None*None*None*+*None
Thursday, May 22*None*PIT*@*PHA*L*1*8*None*6-10*10* 6.0*None*None*None*None*None*None*-*None
Friday, May 23*None*PIT*@*PHA*L*4*9*None*6-11*10* 7.0*None*None*None*None*None*None*--*None
Saturday, May 24*None*PIT*@*PHA*L*1*10*None*6-12*10* 8.0*None*None*None*None*None*None*---*None
Wednesday, May 28*None*PIT*None*COL*L*0*5*None*6-13*10* 9.5*None*None*None*None*None*None*----*None
Thursday, May 29*None*PIT*None*COL*L*0*5*None*6-14*10* 10.0*None*None*None*None*None*None*-----*1884-05-26 (Rain)
Friday, May 30*None*PIT*None*TOL*W*8*6*None*7-14*10* 10.0*None*None*None*None*None*None*+*None
Friday, May 30*None*PIT*None*TOL*L*1*2*None*7-15*10* 10.0*None*None*None*None*None*None*-*None
Saturday, May 31*None*PIT*None*TOL*W*5*3*None*8-15*10* 10.0*None*None*None*None*None*None*+*None
Tuesday, Jun 3*None*PIT*None*IND*L*2*3*None*8-16*10* 11.0*None*None*None*None*None*None*-*None
Wednesday, Jun 4*None*PIT*None*IND*W*11*6*None*9-16*10* 11.0*None*None*None*None*None*None*+*None
Thursday, Jun 5*None*PIT*None*IND*L*10*11*None*9-17*10* 11.0*None*None*None*None*None*None*-*None
Saturday, Jun 7*None*PIT*None*STL*L*5*13*None*9-18*10* 11.0*None*None*None*None*None*None*--*None
Monday, Jun 9*None*PIT*None*STL*L*3*9*None*9-19*10* 11.0*None*None*None*None*None*None*---*None
Wednesday, Jun 11*None*PIT*None*STL*L*0*3*None*9-20*10* 12.0*None*None*None*None*None*None*----*1884-06-10 (Rain)
Thursday, Jun 12*None*PIT*None*CIN*L*5*7*None*9-21*10* 13.0*None*None*None*None*None*None*-----*None
Friday, Jun 13*None*PIT*None*CIN*W*2*0*None*10-21*10* 13.0*None*None*None*None*None*None*+*None
Monday, Jun 16*None*PIT*None*LOU*L*3*7*None*10-22*10* 13.5*None*None*None*None*None*None*-*None
Tuesday, Jun 17*None*PIT*None*LOU*L*6*7*None*10-23*10* 14.5*None*None*None*None*None*None*--*None
Wednesday, Jun 18*None*PIT*None*LOU*W*6*2*None*11-23*10* 14.5*None*None*None*None*None*None*+*None
Thursday, Jun 19*None*PIT*None*CIN*L*1*7*None*11-24*10* 15.0*None*None*None*None*None*None*-*1884-06-14 (Rain)
Friday, Jun 20*None*PIT*None*COL*L*3*6*None*11-25*10* 15.5*None*None*None*None*None*None*--*1884-05-27 (Unknown reason)
Saturday, Jun 21*None*PIT*@*CIN*L*0*5*None*11-26*10* 16.5*None*None*None*None*None*None*---*None
Sunday, Jun 22*None*PIT*@*CIN*L*2*4*None*11-27*10* 16.5*None*None*None*None*None*None*----*None
Tuesday, Jun 24*None*PIT*@*CIN*L*0*12*None*11-28*12* 16.5*None*None*None*None*None*None*-----*None
Thursday, Jun 26*None*PIT*@*COL*L*3*6*None*11-29*12* 16.5*None*None*None*None*None*None*------*None
Friday, Jun 27*None*PIT*@*COL*L*1*4*None*11-30*12* 17.5*None*None*None*None*None*None*-------*None
Saturday, Jun 28*None*PIT*@*COL*L*3*4*None*11-31*12* 17.5*None*None*None*None*None*None*--------*None
Monday, Jun 30*None*PIT*@*TOL*W*4*3*None*12-31*11* 17.5*None*None*None*None*None*None*+*None
Tuesday, Jul 1*None*PIT*@*TOL*L*3*5*None*12-32*11* 18.0*None*None*None*None*None*None*-*None
Wednesday, Jul 2*None*PIT*@*TOL*W*8*7*None*13-32*11* 17.5*None*None*None*None*None*None*+*None
Friday, Jul 4*None*PIT*@*IND*L*4*15*None*13-33*11* 18.0*None*None*None*None*None*None*-*None
Friday, Jul 4*None*PIT*@*IND*W*3*1*None*14-33*11* 18.0*None*None*None*None*None*None*+*None
Saturday, Jul 5*None*PIT*@*IND*L*3*12*None*14-34*11* 18.5*None*None*None*None*None*None*-*None
Sunday, Jul 6*None*PIT*@*STL*L*6*12*None*14-35*12* 19.0*None*None*None*None*None*None*--*None
Tuesday, Jul 8*None*PIT*@*STL*L*1*7*None*14-36*12* 20.0*None*None*None*None*None*None*---*None
Thursday, Jul 10*None*PIT*@*STL*L*2*11*None*14-37*12* 21.0*None*None*None*None*None*None*----*None
Saturday, Jul 12*None*PIT*@*LOU*L*1*4*None*14-38*12* 22.0*None*None*None*None*None*None*-----*None
Sunday, Jul 13*None*PIT*@*LOU*W*5*4*None*15-38*12* 21.0*None*None*None*None*None*None*+*None
Monday, Jul 14*None*PIT*@*LOU*L*0*6*None*15-39*12* 22.0*None*None*None*None*None*None*-*1884-07-15 (Unknown reason)
Thursday, Jul 17*None*PIT*None*WAS*W*3*2*None*16-39*12* 22.0*None*None*None*None*None*None*+*None
Friday, Jul 18*None*PIT*None*WAS*W*4*2*None*17-39*11* 21.0*None*None*None*None*None*None*++*None
Saturday, Jul 19*None*PIT*None*WAS*W*7*1*None*18-39*11* 21.0*None*None*None*None*None*None*+++*None
Monday, Jul 21*None*PIT*@*WAS*L*3*12*None*18-40*11* 21.5*None*None*None*None*None*None*-*None
Tuesday, Jul 22*None*PIT*@*WAS*W*9*8*None*19-40*11* 21.5*None*None*None*None*None*None*+*None
Wednesday, Jul 23*None*PIT*@*BRO*L*4*10*None*19-41*11* 22.5*None*None*None*None*None*None*-*None
Thursday, Jul 24*None*PIT*@*BRO*W*6*2*None*20-41*11* 22.5*None*None*None*None*None*None*+*None
Saturday, Jul 26*None*PIT*@*NYP*L*3*9*None*20-42*11* 24.0*None*None*None*None*None*None*-*None
Monday, Jul 28*None*PIT*@*NYP*L*1*9*None*20-43*11* 25.0*None*None*None*None*None*None*--*None
Wednesday, Jul 30*None*PIT*None*BAL*L*2*9*None*20-44*11* 26.5*None*None*None*None*None*None*---*None
Friday, Aug 1*None*PIT*None*PHA*W*4*3*None*21-44*11* 25.5*None*None*None*None*None*None*+*None
Saturday, Aug 2*None*PIT*None*PHA*L*2*7*None*21-45*11* 26.5*None*None*None*None*None*None*-*None
Monday, Aug 4*None*PIT*None*BRO*L*2*4*None*21-46*11* 27.0*None*None*None*None*None*None*--*None
Wednesday, Aug 6*None*PIT*None*BRO*L*0*6*None*21-47*11* 27.5*None*None*None*None*None*None*---*None
Thursday, Aug 7*None*PIT*@*PHA*L*1*7*None*21-48*11* 28.0*None*None*None*None*None*None*----*None
Saturday, Aug 9*None*PIT*@*PHA*L*2*13*None*21-49*11* 29.0*None*None*None*None*None*None*-----*None
Monday, Aug 11*None*PIT*@*BAL*L*4*10*None*21-50*11* 30.0*None*None*None*None*None*None*------*None
Tuesday, Aug 12*None*PIT*@*BAL*L*3*4*None*21-51*11* 31.0*None*None*None*None*None*None*-------*None
Wednesday, Aug 13*None*PIT*None*BAL*L*0*8*None*21-52*11* 31.0*None*None*None*None*None*None*--------*None
Thursday, Aug 14*None*PIT*None*BAL*L*4*14*None*21-53*12* 32.0*None*None*None*None*None*None*---------*None
Saturday, Aug 16*None*PIT*None*NYP*L*0*6*None*21-54*12* 33.0*None*None*None*None*None*None*----------*None
Monday, Aug 18*None*PIT*None*NYP*W*1*0*None*22-54*11* 32.0*None*None*None*None*None*None*+*None
Friday, Aug 22*None*PIT*@*BAL*L*6*8*None*22-55*11* 33.5*None*None*None*None*None*None*-*None
Saturday, Aug 23*None*PIT*@*BAL*L*3*7*None*22-56*12* 34.5*None*None*None*None*None*None*--*None
Monday, Aug 25*None*PIT*@*BAL*L*3*9*None*22-57*12* 35.0*None*None*None*None*None*None*---*None
Tuesday, Aug 26*None*PIT*@*RIC*T*4*4*None*22-57*12* 35.5*None*None*None*None*None*None*---*1884-08-26 (WS7 folded; WS7 played as RIC)
Wednesday, Aug 27*None*PIT*@*RIC*L*5*7*None*22-58*12* 35.5*None*None*None*None*None*None*----*1884-08-27 (WS7 folded; WS7 played as RIC)
Thursday, Aug 28*None*PIT*@*RIC*W*5*0*None*23-58*11* 34.5*None*None*None*None*None*None*+*1884-08-28 (WS7 folded; WS7 played as RIC)
Monday, Sep 1*None*PIT*None*RIC*L*5*10*None*23-59*12* 35.5*None*None*None*None*None*None*-*1884-09-01 (WS7 folded; WS7 played as RIC)
Tuesday, Sep 2*None*PIT*None*RIC*L*1*2*None*23-60*12* 36.5*None*None*None*None*None*None*--*1884-09-02 (WS7 folded; WS7 played as RIC)
Wednesday, Sep 3*None*PIT*None*RIC*L*4*8*None*23-61*12* 37.0*None*None*None*None*None*None*---*None
Thursday, Sep 4*None*PIT*@*TOL*L*2*4*None*23-62*12* 37.5*None*None*None*None*None*None*----*None
Saturday, Sep 6*None*PIT*@*TOL*W*10*3*None*24-62*12* 38.0*None*None*None*None*None*None*+*None
Sunday, Sep 7*None*PIT*@*COL*W*7*3*None*25-62*12* 37.5*None*None*None*None*None*None*++*None
Wednesday, Sep 10*None*PIT*@*COL*L*2*10*None*25-63*12* 38.5*None*None*None*None*None*None*-*1884-09-09 (Unknown reason)
Thursday, Sep 11*None*PIT*@*CIN*L*1*11*None*25-64*12* 38.5*None*None*None*None*None*None*--*None
Saturday, Sep 13*None*PIT*@*CIN*L*6*11*None*25-65*13* 39.5*None*None*None*None*None*None*---*None
Tuesday, Sep 16*None*PIT*@*LOU*L*1*6*None*25-66*13* 39.0*None*None*None*None*None*None*----*None
Wednesday, Sep 17*None*PIT*@*LOU*L*1*4*None*25-67*13* 40.0*None*None*None*None*None*None*-----*None
Thursday, Sep 18*None*PIT*@*STL*L*4*6*None*25-68*13* 40.0*None*None*None*None*None*None*------*None
Saturday, Sep 20*None*PIT*@*STL*L*1*4*None*25-69*13* 40.0*None*None*None*None*None*None*-------*None
Sunday, Sep 21*None*PIT*@*IND*W*4*2*None*26-69*13* 39.0*None*None*None*None*None*None*+*None
Wednesday, Sep 24*None*PIT*None*BAL**V*6*8*None*26-70*13* 40.5*None*None*None*None*None*None*-*1884-07-29 (Rain)
Thursday, Sep 25*None*PIT*None*IND*W*15*4*None*27-70*13* 39.5*None*None*None*None*None*None*+*1884-09-23 (Rain; Site change)
Saturday, Sep 27*None*PIT*None*IND*W*8*4*None*28-70*13* 40.0*None*None*None*None*None*None*++*None
Monday, Sep 29*None*PIT*None*IND*W*2*0*None*29-70*13* 40.0*None*None*None*None*None*None*+++*None
Wednesday, Oct 1*None*PIT*None*STL*W*2*1*None*30-70*13* 40.0*None*None*None*None*None*None*++++*None
Thursday, Oct 2*None*PIT*None*STL*L*5*10*None*30-71*13* 40.5*None*None*None*None*None*None*-*None
Friday, Oct 3*None*PIT*None*COL*L*3*14*None*30-72*13* 41.0*None*None*None*None*None*None*--*None
Saturday, Oct 4*None*PIT*None*COL*L*4*15*None*30-73*13* 41.0*None*None*None*None*None*None*---*None
Monday, Oct 6*None*PIT*None*CIN*T*8*8*None*30-73*12* 41.0*None*None*None*None*None*None*---*None
Tuesday, Oct 7*None*PIT*None*CIN*L*3*8*None*30-74*13* 41.5*None*None*None*None*None*None*----*1884-10-08 (Rain)
Thursday, Oct 9*None*PIT*None*TOL*L*3*9*None*30-75*12* 43.0*None*None*None*None*None*None*-----*None
Saturday, Oct 11*None*PIT*None*TOL*L*0*2*None*30-76*12* 43.0*None*None*None*None*None*None*------*None
Tuesday, Oct 14*None*PIT*None*LOU*L*3*10*None*30-77*12* 44.5*None*None*None*None*None*None*-------*1884-10-13 (Unknown reason)
Wednesday, Oct 15*None*PIT*None*LOU*L*4*9*None*30-78*12* 45.5*None*None*None*None*None*None*--------*None