date*boxscore*team*home_or_away*opponent*win_or_loss*runs*runs_allowed*innings*win_loss_record*rank*games_behind*win*loss*save*time*day_or_night*attendance*streak*originally_scheduled
Wednesday, Apr 13*boxscore*STL*None*PIT*W*9*8*None*2-0*1*up 0.5*Lindsey*Spencer*None*None*D*None*++*None
Thursday, Apr 14*boxscore*STL*None*PIT*L*4*5*None*2-1*1* Tied*French*Derringer*None*None*D*None*-*None
Friday, Apr 15*boxscore*STL*None*PIT*L*7*9*None*2-2*2* 1.0*Brame*Johnson*None*None*D*1,988*--*None
Sunday, Apr 17*boxscore*STL*None*CHC*L*1*4*None*2-3*7* 1.5*Bush*Carleton*None*2:11*D*13,000*---*None
Monday, Apr 18*boxscore*STL*None*CHC*L*1*3*None*2-4*7* 2.0*Root*Rhem*None*None*D*None*----*None
Wednesday, Apr 20*boxscore*STL*@*PIT*L*0*7*None*2-5*7* 2.5*Swetonic*Hallahan*None*None*D*None*-----*None
Thursday, Apr 21*boxscore*STL*@*PIT*L*6*7*10*2-6*8* 3.5*French*Frey*None*None*D*None*------*None
Friday, Apr 22*boxscore*STL*@*PIT*W*5*3*10*3-6*8* 3.5*Johnson*French*None*None*D*None*+*None
Saturday, Apr 23*boxscore*STL*@*PIT*L*9*10*None*3-7*8* 4.5*Swift*Dean*None*None*D*None*-*None
Sunday, Apr 24*boxscore*STL*@*CIN*W*8*3*None*4-7*7* 4.5*Rhem*Rixey*None*1:57*D*None*+*None
Monday, Apr 25*boxscore*STL*@*CIN*W*4*2*None*5-7*6* 3.5*Hallahan*Lucas*None*None*D*None*++*None
Wednesday, Apr 27*boxscore*STL*@*CIN*L*4*6*None*5-8*7* 4.5*Johnson*Johnson*None*None*D*None*-*None
Thursday, Apr 28*boxscore*STL*@*CHC*L*7*12*None*5-9*8* 5.5*Root*Frey*None*None*D*None*--*None
Saturday, Apr 30*boxscore*STL*@*CHC*L*3*5*None*5-10*7* 6.5*Warneke*Rhem*None*None*D*None*---*None
Sunday, May 1*boxscore*STL*@*CHC*W*7*1*None*6-10*6* 5.5*Hallahan*Bush*None*2:09*D*None*+*None
Monday, May 2*boxscore*STL*None*CIN*W*2*1*None*7-10*5* 4.5*Johnson*Johnson*None*None*D*None*++*None
Tuesday, May 3*boxscore*STL*None*CIN*W*9*0*None*8-10*5* 4.5*Dean*Carroll*None*None*D*None*+++*None
Wednesday, May 4*boxscore*STL*None*CIN*W*7*0*None*9-10*4* 4.5*Rhem*Ogden*None*None*D*None*++++*None
Thursday, May 5*boxscore*STL*None*NYG*L*6*10*None*9-11*5* 4.5*Gibson*Carleton*None*None*D*None*-*None
Friday, May 6*boxscore*STL*None*NYG*L*3*4*None*9-12*5* 5.5*Schumacher*Derringer*Mitchell*None*D*None*--*None
Sunday, May 8*boxscore*STL*None*NYG*L*1*4*None*9-13*5* 6.5*Hubbell*Johnson*None*1:45*D*23,000*---*None
Sunday, May 8*boxscore*STL*None*NYG*W*6*5*None*10-13*5* 6.5*Dean*Mooney*None*2:05*D*23,000*+*1932-05-07 (Wet grounds)
Monday, May 9*boxscore*STL*None*BRO*W*7*6*None*11-13*5* 6.0*Rhem*Quinn*None*1:48*D*None*++*None
Wednesday, May 11*boxscore*STL*None*BRO*L*3*6*12*11-14*5* 7.0*Shaute*Hallahan*None*2:43*D*None*-*None
Thursday, May 12*boxscore*STL*None*PHI*W*8*2*None*12-14*5* 6.0*Haines*Elliott*None*None*D*None*+*None
Friday, May 13*boxscore*STL*None*PHI*W*8*7*10*13-14*4* 6.0*Derringer*Grabowski*None*None*D*None*++*None
Saturday, May 14*boxscore*STL*None*PHI*W*7*6*None*14-14*4* 5.0*Dean*Benge*Johnson*None*D*None*+++*None
Sunday, May 15*boxscore*STL*None*BSN*L*3*8*None*14-15*4* 5.0*Brown*Lindsey*None*2:22*D*None*-*None
Tuesday, May 17*boxscore*STL*None*BSN*W*4*3*None*15-15*4* 5.5*Hallahan*Brandt*None*None*D*None*+*None
Wednesday, May 18*boxscore*STL*None*BSN*L*3*5*None*15-16*4* 6.5*Zachary*Haines*None*None*D*None*-*None
Friday, May 20*boxscore*STL*None*PIT*L*0*5*None*15-17*4* 7.0*French*Derringer*None*None*D*None*--*None
Sunday, May 22*boxscore*STL*None*PIT*L*1*5*None*15-18*4* 6.0*Swetonic*Dean*None*1:52*D*None*---*None
Sunday, May 22*boxscore*STL*None*PIT*W*5*3*None*16-18*4* 6.0*Hallahan*Harris*None*1:48*D*None*+*1932-05-21 (Rain)
Tuesday, May 24*boxscore*STL*None*CHC*W*8*6*None*17-18*4* 5.0*Johnson*Bush*Lindsey*None*D*None*++*None
Wednesday, May 25*boxscore*STL*None*CHC*L*0*3*None*17-19*4* 6.0*Grimes*Derringer*None*None*D*None*-*None
Friday, May 27*boxscore*STL*@*PIT*L*4*8*None*17-20*5* 7.0*French*Haines*None*1:42*D*None*--*None
Saturday, May 28*boxscore*STL*@*PIT*L*6*8*None*17-21*6* 7.0*Swetonic*Dean*None*1:53*D*None*---*None
Sunday, May 29*boxscore*STL*@*CIN*W*5*0*None*18-21*6* 7.0*Hallahan*Johnson*None*2:09*D*None*+*None
Sunday, May 29*boxscore*STL*@*CIN*L*2*3*11*18-22*6* 7.0*Carroll*Dean*None*2:19*D*30,000*-*1932-04-26 (Wet grounds)
Monday, May 30*boxscore*STL*@*CHC*W*6*4*None*19-22*6* 7.0*Derringer*Grimes*Lindsey*2:08*D*None*+*None
Monday, May 30*boxscore*STL*@*CHC*L*2*6*None*19-23*6* 7.0*Bush*Carleton*Root*None*D*None*-*None
Tuesday, May 31*boxscore*STL*@*CHC*L*1*3*None*19-24*6* 8.0*Warneke*Haines*None*None*D*None*--*None
Wednesday, Jun 1*boxscore*STL*@*CHC*W*1*0*7*20-24*6* 7.0*Dean*Malone*None*None*D*None*+*None
Saturday, Jun 4*boxscore*STL*None*CIN*W*7*3*None*21-24*6* 6.0*Hallahan*Johnson*None*None*D*None*++*None
Sunday, Jun 5*boxscore*STL*None*CIN*W*3*2*None*22-24*4* 5.0*Derringer*Lucas*None*1:52*D*None*+++*None
Sunday, Jun 5*boxscore*STL*None*CIN*W*3*2*None*23-24*4* 5.0*Dean*Carroll*None*1:58*D*21,000*++++*1932-06-02 (Schedule change)
Wednesday, Jun 8*boxscore*STL*@*BSN*W*15*8*None*24-24*4* 4.5*Lindsey*Seibold*Stout*None*D*None*+++++*None
Thursday, Jun 9*boxscore*STL*@*BSN*W*2*1*None*25-24*4* 3.5*Haines*Brown*None*1:59*D*None*++++++*None
Friday, Jun 10*boxscore*STL*@*BSN*L*1*2*None*25-25*4* 4.0*Brandt*Hallahan*None*1:44*D*None*-*None
Saturday, Jun 11*boxscore*STL*@*BRO*L*3*12*None*25-26*4* 4.5*Heimach*Derringer*None*None*D*None*--*None
Wednesday, Jun 15*boxscore*STL*@*PHI*L*4*7*7*25-27*5* 5.0*Holley*Johnson*None*1:41*D*None*---*None
Thursday, Jun 16*boxscore*STL*@*PHI*W*2*0*None*26-27*4* 5.0*Haines*Benge*None*2:14*D*None*+*None
Saturday, Jun 18*boxscore*STL*@*PHI*L*4*5*12*26-28*7* 6.0*Rhem*Hallahan*None*2:30*D*None*-*None
Saturday, Jun 18*boxscore*STL*@*PHI*L*3*6*None*26-29*7* 6.0*Collins*Derringer*None*2:05*D*None*--*1932-06-17 (Rain)
Sunday, Jun 19*boxscore*STL*@*NYG*W*7*0*None*27-29*4* 5.5*Carleton*Walker*None*2:02*D*None*+*None
Tuesday, Jun 21*boxscore*STL*@*NYG*W*5*1*None*28-29*5* 5.0*Dean*Mitchell*None*None*D*4,000*++*None
Wednesday, Jun 22*boxscore*STL*@*NYG*L*1*9*None*28-30*6* 5.0*Hubbell*Hallahan*None*None*D*None*-*None
Thursday, Jun 23*boxscore*STL*@*NYG*L*1*6*None*28-31*7* 5.0*Fitzsimmons*Derringer*None*None*D*None*--*None
Saturday, Jun 25*boxscore*STL*None*CHC*W*7*6*None*29-31*5* 4.0*Hallahan*Grimes*None*None*D*None*+*None
Sunday, Jun 26*boxscore*STL*None*CHC*W*4*3*None*30-31*6* 4.0*Stout*Malone*None*2:22*D*31,000*++*None
Sunday, Jun 26*boxscore*STL*None*CHC*L*3*4*None*30-32*6* 4.0*Root*Dean*None*2:12*D*31,000*-*1932-04-16 (Rain)
Monday, Jun 27*boxscore*STL*None*CHC*W*4*1*None*31-32*5* 3.5*Derringer*Grimes*None*None*D*None*+*None
Tuesday, Jun 28*boxscore*STL*@*CIN*W*6*2*None*32-32*5* 3.0*Hallahan*Rixey*None*None*D*None*++*None
Wednesday, Jun 29*boxscore*STL*@*CIN*W*10*9*None*33-32*4* 2.5*Stout*Kolp*Hallahan*None*D*None*+++*None
Thursday, Jun 30*boxscore*STL*@*PIT*L*6*9*None*33-33*5* 3.5*Swift*Stout*None*None*D*None*-*None
Friday, Jul 1*boxscore*STL*@*PIT*W*5*3*None*34-33*4* 3.0*Dean*Swetonic*Lindsey*None*D*None*+*None
Saturday, Jul 2*boxscore*STL*@*PIT*W*5*4*None*35-33*4* 2.0*Hallahan*Kremer*None*None*D*None*++*None
Sunday, Jul 3*boxscore*STL*@*CIN*L*2*4*None*35-34*5* 2.5*Johnson*Carleton*None*1:58*D*None*-*None
Monday, Jul 4*boxscore*STL*None*CIN*L*3*7*None*35-35*5* 4.0*Benton*Derringer*None*2:16*D*None*--*None
Monday, Jul 4*boxscore*STL*None*CIN*T*3*3*13*35-35*5* 4.0*None*None*None*2:47*D*None*--*None
Tuesday, Jul 5*boxscore*STL*None*CIN*L*4*12*None*35-36*5* 5.0*Lucas*Lindsey*None*None*D*None*---*None
Wednesday, Jul 6*boxscore*STL*None*BSN*W*4*2*None*36-36*4* 5.5*Hallahan*Zachary*None*None*D*None*+*None
Thursday, Jul 7*boxscore*STL*None*BSN*L*4*5*None*36-37*4* 5.5*Cunningham*Carleton*Cantwell*None*D*None*-*None
Friday, Jul 8*boxscore*STL*None*BSN*L*1*6*None*36-38*4* 6.5*Brown*Dean*None*2:19*D*None*--*None
Saturday, Jul 9*boxscore*STL*None*PHI*L*2*6*None*36-39*6* 6.5*Rhem*Haines*None*None*D*None*---*None
Sunday, Jul 10*boxscore*STL*None*PHI*W*7*5*None*37-39*4* 6.0*Hallahan*Benge*Dean*2:31*D*None*+*None
Sunday, Jul 10*boxscore*STL*None*PHI*W*3*1*None*38-39*4* 6.0*Dean*Elliott*None*1:39*D*None*++*1932-07-11 (Schedule change)
Tuesday, Jul 12*boxscore*STL*None*PHI*W*7*6*None*39-39*4* 6.5*Stout*Collins*None*2:11*D*None*+++*None
Wednesday, Jul 13*boxscore*STL*None*NYG*W*6*2*None*40-39*4* 5.0*Derringer*Walker*None*1:48*D*2,000*++++*None
Thursday, Jul 14*boxscore*STL*None*NYG*L*3*6*None*40-40*4* 6.0*Mooney*Dean*None*1:52*D*1,500*-*None
Friday, Jul 15*boxscore*STL*None*NYG*L*4*12*None*40-41*4* 7.0*Fitzsimmons*Hallahan*None*2:09*D*7,000*--*None
Saturday, Jul 16*boxscore*STL*None*NYG*L*1*4*None*40-42*4* 8.5*Hubbell*Carleton*None*1:44*D*None*---*None
Sunday, Jul 17*boxscore*STL*None*BRO*W*9*2*None*41-42*4* 8.5*Derringer*Heimach*None*1:51*D*None*+*None
Sunday, Jul 17*boxscore*STL*None*BRO*L*5*8*None*41-43*4* 8.5*Shaute*Johnson*None*2:27*D*9,500*-*1932-05-10 (Cold)
Monday, Jul 18*boxscore*STL*None*BRO*L*4*7*None*41-44*5* 8.5*Shaute*Stout*None*2:23*D*None*--*None
Tuesday, Jul 19*boxscore*STL*None*BRO*W*5*3*None*42-44*5* 8.0*Hallahan*Vance*None*2:09*D*1,050*+*None
Wednesday, Jul 20*boxscore*STL*None*BRO*W*16*5*None*43-44*5* 7.0*Lindsey*Clark*None*2:19*D*12,000*++*None
Saturday, Jul 23*boxscore*STL*@*CIN*L*2*3*11*43-45*5* 9.0*Carroll*Lindsey*None*None*D*None*-*None
Sunday, Jul 24*boxscore*STL*@*CIN*W*7*3*None*44-45*5* 8.0*Derringer*Lucas*None*2:04*D*None*+*None
Sunday, Jul 24*boxscore*STL*@*CIN*W*1*0*13*45-45*5* 8.0*Johnson*Johnson*Lindsey*2:43*D*None*++*1932-07-22 (Schedule change)
Tuesday, Jul 26*boxscore*STL*@*BRO*L*6*12*None*45-46*5* 9.0*Shaute*Johnson*None*2:06*D*None*-*None
Tuesday, Jul 26*boxscore*STL*@*BRO*L*4*5*None*45-47*5* 9.0*Quinn*Derringer*None*2:10*D*10,000*--*1932-06-12 (Rain)
Wednesday, Jul 27*boxscore*STL*@*BRO*L*4*5*None*45-48*5* 10.5*Phelps*Stout*Quinn*2:16*D*5,000*---*None
Thursday, Jul 28*boxscore*STL*@*BRO*L*6*9*None*45-49*5* 11.5*Heimach*Carleton*Shaute*2:15*D*None*----*None
Thursday, Jul 28*boxscore*STL*@*BRO*W*8*6*10*46-49*5* 11.5*Carleton*Clark*None*2:29*D*17,000*+*1932-06-13 (Rain)
Friday, Jul 29*boxscore*STL*@*BRO*L*4*7*None*46-50*6* 12.5*Vance*Dean*Quinn*2:12*D*3,000*-*None
Saturday, Jul 30*boxscore*STL*@*BSN*L*1*3*None*46-51*6* 12.0*Zachary*Johnson*None*None*D*None*--*None
Sunday, Jul 31*boxscore*STL*@*BSN*W*7*0*None*47-51*6* 12.0*Derringer*Pruett*None*1:35*D*None*+*None
Sunday, Jul 31*boxscore*STL*@*BSN*L*2*7*None*47-52*6* 12.0*Brandt*Dean*None*1:55*D*None*-*1932-06-07 (Rain)
Monday, Aug 1*boxscore*STL*@*BSN*W*4*2*None*48-52*6* 11.0*Carleton*Brown*None*None*D*None*+*None
Tuesday, Aug 2*boxscore*STL*@*BSN*L*3*4*None*48-53*6* 11.0*Cantwell*Dean*None*1:44*D*None*-*None
Thursday, Aug 4*boxscore*STL*@*NYG*L*1*4*None*48-54*6* 10.5*Hubbell*Johnson*None*None*D*None*--*None
Friday, Aug 5*boxscore*STL*@*NYG*L*2*6*None*48-55*7* 11.0*Walker*Derringer*None*None*D*None*---*None
Saturday, Aug 6*boxscore*STL*@*NYG*L*1*5*None*48-56*7* 10.5*Mooney*Carleton*None*None*D*None*----*None
Saturday, Aug 6*boxscore*STL*@*NYG*W*10*2*None*49-56*7* 10.5*Dean*Luque*None*2:17*D*16,000*+*1932-08-03 (Rain)
Monday, Aug 8*boxscore*STL*@*PHI*W*7*6*None*50-56*6* 8.5*Carleton*Elliott*None*2:33*D*None*++*None
Monday, Aug 8*boxscore*STL*@*PHI*W*6*4*11*51-56*6* 8.5*Dean*Collins*None*2:31*D*None*+++*None
Tuesday, Aug 9*boxscore*STL*@*PHI*W*18*13*None*52-56*6* 7.5*Carleton*Berly*Dean*2:42*D*None*++++*None
Wednesday, Aug 10*boxscore*STL*@*PHI*W*11*5*11*53-56*6* 7.0*Stout*Rhem*None*2:53*D*None*+++++*None
Saturday, Aug 13*boxscore*STL*None*CHC*L*1*3*None*53-57*6* 8.0*Root*Johnson*None*None*D*None*-*None
Sunday, Aug 14*boxscore*STL*None*CHC*W*2*0*None*54-57*6* 6.0*Carleton*Malone*None*1:51*D*None*+*None
Sunday, Aug 14*boxscore*STL*None*CHC*W*2*1*10*55-57*6* 6.0*Dean*Bush*None*2:16*D*None*++*1932-08-12 (Schedule change)
Tuesday, Aug 16*boxscore*STL*None*PHI*W*3*2*None*56-57*5* 6.0*Derringer*Rhem*None*None*D*None*+++*None
Thursday, Aug 18*boxscore*STL*None*PHI*L*4*10*None*56-58*5* 8.0*Hansen*Dean*None*None*D*None*-*None
Thursday, Aug 18*boxscore*STL*None*PHI*L*4*9*None*56-59*5* 8.0*Elliott*Stout*None*1:56*D*15,000*--*1932-08-17 (Rain)
Friday, Aug 19*boxscore*STL*None*PHI*W*5*4*11*57-59*5* 7.0*Johnson*Holley*None*2:43*D*None*+*None
Saturday, Aug 20*boxscore*STL*None*BSN*W*8*7*10*58-59*5* 7.0*Carleton*Cantwell*None*2:34*D*None*++*None
Sunday, Aug 21*boxscore*STL*None*BSN*L*5*7*14*58-60*5* 8.0*Brandt*Dean*None*3:24*D*None*-*None
Sunday, Aug 21*boxscore*STL*None*BSN*T*2*2*6*58-60*5* 8.0*None*None*None*1:19*D*None*-*1932-05-16 (Rain)
Monday, Aug 22*boxscore*STL*None*BSN*L*2*7*None*58-61*5* 8.5*Frankhouse*Derringer*None*1:51*D*None*--*None
Monday, Aug 22*boxscore*STL*None*BSN*W*3*0*None*59-61*5* 8.5*Carleton*Pruett*None*2:02*D*None*+*None
Tuesday, Aug 23*boxscore*STL*None*BSN*L*3*6*None*59-62*6* 9.5*Brown*Johnson*Cantwell*2:09*D*None*-*None
Wednesday, Aug 24*boxscore*STL*None*NYG*W*6*2*None*60-62*6* 9.5*Dean*Walker*None*1:48*D*2,000*+*None
Thursday, Aug 25*boxscore*STL*None*NYG*L*5*6*None*60-63*6* 10.5*Luque*Hallahan*None*1:53*D*None*-*None
Friday, Aug 26*boxscore*STL*None*NYG*W*4*2*None*61-63*6* 10.5*Dean*Hubbell*None*1:40*D*10,000*+*None
Saturday, Aug 27*boxscore*STL*None*BRO*L*3*8*None*61-64*6* 12.0*Mungo*Carleton*Shaute*2:00*D*None*-*None
Sunday, Aug 28*boxscore*STL*None*BRO*W*4*1*None*62-64*4* 11.5*Derringer*Clark*None*1:30*D*None*+*None
Sunday, Aug 28*boxscore*STL*None*BRO*W*6*4*None*63-64*4* 11.5*Dean*Thomas*Johnson*2:06*D*13,500*++*1932-08-29 (Schedule change)
Tuesday, Aug 30*boxscore*STL*None*BRO*L*4*5*None*63-65*5* 12.5*Mungo*Johnson*Shaute*2:00*D*9,000*-*None
Friday, Sep 2*boxscore*STL*@*CHC*L*5*8*None*63-66*5* 14.0*Root*Carleton*None*None*D*None*--*None
Saturday, Sep 3*boxscore*STL*@*CHC*L*4*5*11*63-67*5* 14.0*Bush*Carleton*None*None*D*None*---*None
Saturday, Sep 3*boxscore*STL*@*CHC*W*3*0*None*64-67*5* 14.0*Dean*Malone*None*None*D*None*+*1932-04-29 (Rain)
Sunday, Sep 4*boxscore*STL*@*CHC*L*0*3*None*64-68*5* 15.0*Warneke*Johnson*None*1:36*D*32,000*-*None
Monday, Sep 5*boxscore*STL*@*PIT*L*3*4*None*64-69*6* 16.0*Meine*Stout*None*2:02*D*None*--*None
Monday, Sep 5*boxscore*STL*@*PIT*L*1*3*None*64-70*6* 16.0*French*Derringer*None*None*D*None*---*None
Wednesday, Sep 7*boxscore*STL*@*PHI*L*5*6*None*64-71*6* 15.5*Elliott*Dean*None*2:00*D*None*----*None
Thursday, Sep 8*boxscore*STL*@*PHI*L*0*3*None*64-72*6* 16.0*Benge*Carleton*None*1:44*D*None*-----*None
Friday, Sep 9*boxscore*STL*@*PHI*L*2*3*12*64-73*6* 17.0*Holley*Derringer*None*2:15*D*None*------*None
Saturday, Sep 10*boxscore*STL*@*NYG*L*7*11*None*64-74*6* 18.0*Fitzsimmons*Dean*None*None*D*None*-------*None
Sunday, Sep 11*boxscore*STL*@*NYG*L*3*7*None*64-75*6* 18.5*Hubbell*Johnson*None*2:02*D*None*--------*None
Sunday, Sep 11*boxscore*STL*@*NYG*W*3*2*None*65-75*6* 18.5*Carleton*Hoyt*None*1:45*D*None*+*1932-09-12 (Schedule change)
Tuesday, Sep 13*boxscore*STL*@*BRO*L*5*6*10*65-76*7* 19.0*Quinn*Haines*None*2:09*D*8,000*-*None
Tuesday, Sep 13*boxscore*STL*@*BRO*L*1*3*None*65-77*7* 19.0*Thurston*Dean*None*1:55*D*8,000*--*1932-06-14 (Rain)
Wednesday, Sep 14*boxscore*STL*@*BRO*L*1*3*None*65-78*7* 19.0*Mungo*Johnson*None*1:40*D*1,000*---*None
Thursday, Sep 15*boxscore*STL*@*BRO*W*3*0*None*66-78*7* 19.0*Starr*Vance*None*1:41*D*None*+*None
Saturday, Sep 17*boxscore*STL*@*BSN*L*0*1*None*66-79*7* 20.0*Zachary*Carleton*None*None*D*None*-*None
Sunday, Sep 18*boxscore*STL*@*BSN*L*2*3*None*66-80*7* 20.5*Cantwell*Derringer*None*1:30*D*None*--*None
Sunday, Sep 18*boxscore*STL*@*BSN*W*5*2*None*67-80*7* 20.5*Dean*Brown*None*1:48*D*None*+*1932-09-16 (Schedule change)
Tuesday, Sep 20*boxscore*STL*None*CIN*W*3*1*None*68-80*6* 20.0*Carleton*Frey*None*None*D*None*++*1932-06-03 (Rain)
Wednesday, Sep 21*boxscore*STL*None*CIN*W*2*0*None*69-80*6* 19.0*Dean*Benton*None*None*D*None*+++*None
Thursday, Sep 22*boxscore*STL*None*CIN*W*8*5*None*70-80*6* 18.0*Winford*Hilcher*None*None*D*None*++++*None
Friday, Sep 23*boxscore*STL*None*PIT*W*8*4*None*71-80*6* 17.5*Derringer*Chagnon*None*None*D*None*+++++*None
Saturday, Sep 24*boxscore*STL*None*PIT*L*4*7*None*71-81*6* 18.5*French*Winford*None*None*D*None*-*None
Sunday, Sep 25*boxscore*STL*None*PIT*L*1*7*None*71-82*6* 18.0*Harris*Starr*None*1:20*D*None*--*None
Sunday, Sep 25*boxscore*STL*None*PIT*W*7*4*None*72-82*6* 18.0*Dean*Spencer*None*1:32*D*None*+*1932-05-23 (Schedule change)