date*boxscore*team*home_or_away*opponent*win_or_loss*runs*runs_allowed*innings*win_loss_record*rank*games_behind*win*loss*save*time*day_or_night*attendance*streak*originally_scheduled
Sunday, Apr 16*None*STL*None*CLV*W*6*5*None*2-0*2* 0.5*None*None*None*None*None*None*++*None
Thursday, Apr 20*None*STL*None*PIT*W*6*2*None*3-0*3* 0.5*None*None*None*None*None*None*+++*None
Friday, Apr 21*None*STL*None*PIT*W*6*5*None*4-0*2* 0.5*None*None*None*None*None*None*++++*None
Saturday, Apr 22*None*STL*None*PIT*W*5*3*None*5-0*1*up 0.5*None*None*None*None*None*None*+++++*None
Monday, Apr 24*None*STL*None*CHC*W*3*2*None*6-0*1*up 1.0*None*None*None*None*None*None*++++++*None
Tuesday, Apr 25*None*STL*None*CHC*W*3*2*None*7-0*1*up 1.5*None*None*None*None*None*None*+++++++*None
Wednesday, Apr 26*None*STL*None*CHC*L*6*7*None*7-1*1*up 1.0*None*None*None*None*None*None*-*None
Friday, Apr 28*None*STL*@*PIT*W*5*1*None*8-1*1*up 1.0*None*None*None*None*None*6,000*+*None
Saturday, Apr 29*None*STL*@*PIT*W*2*1*None*9-1*1*up 1.0*None*None*None*None*None*None*++*None
Sunday, Apr 30*None*STL*@*CHC*L*0*4*None*9-2*1*up 0.5*None*None*None*None*None*None*-*1899-07-03 (Schedule change)
Monday, May 1*None*STL*@*PIT*W*7*5*None*10-2*1*up 1.0*None*None*None*None*None*None*+*None
Tuesday, May 2*None*STL*@*PIT*L*3*4*None*10-3*1*up 1.0*None*None*None*None*None*None*-*None
Wednesday, May 3*None*STL*@*CIN*W*9*1*None*11-3*1*up 1.0*None*None*None*None*None*None*+*None
Friday, May 5*None*STL*@*CIN*L*2*5*None*11-4*2* 0.5*None*None*None*None*None*None*-*1899-05-04 (Rain)
Saturday, May 6*None*STL*@*CIN*L*0*11*None*11-5*3* 0.5*None*None*None*None*None*None*--*None
Sunday, May 7*None*STL*@*CIN*W*4*3*None*12-5*1* Tied*None*None*None*None*None*None*+*None
Tuesday, May 9*None*STL*@*CLV*W*8*1*None*13-5*1* Tied*None*None*None*None*None*None*++*None
Wednesday, May 10*None*STL*@*CLV*W*12*2*None*14-5*1* Tied*None*None*None*None*None*None*+++*None
Thursday, May 11*None*STL*@*CLV*W*8*6*None*15-5*1*up 1.0*None*None*None*None*None*None*++++*None
Friday, May 12*None*STL*@*CLV*W*5*4*None*16-5*1*up 1.0*None*None*None*None*None*None*+++++*None
Saturday, May 13*None*STL*@*CIN*L*3*7*None*16-6*1* Tied*None*None*None*None*None*None*-*None
Sunday, May 14*None*STL*None*CIN*W*6*5*None*17-6*1*up 0.5*None*None*None*None*None*None*+*None
Monday, May 15*None*STL*None*LOU*W*4*1*None*18-6*1*up 1.0*None*None*None*None*None*None*++*None
Tuesday, May 16*None*STL*None*LOU*W*9*3*None*19-6*1*up 1.0*None*None*None*None*None*None*+++*None
Wednesday, May 17*None*STL*None*LOU*L*1*2*None*19-7*1*up 0.5*None*None*None*None*None*None*-*None
Friday, May 19*None*STL*None*NYG**H*9*10*None*20-7*1*up 0.5*None*None*None*None*None*None*+*None
Sunday, May 21*None*STL*None*NYG*L*4*8*None*20-8*1*up 0.5*None*None*None*None*None*None*-*None
Sunday, May 21*None*STL*None*NYG*W*9*5*None*21-8*1*up 0.5*None*None*None*None*None*None*+*1899-05-20 (Rain)
Monday, May 22*None*STL*None*BSN*L*3*10*None*21-9*2* 0.5*None*None*None*None*None*None*-*None
Tuesday, May 23*None*STL*None*BSN*W*9*4*None*22-9*2* 0.5*None*None*None*None*None*None*+*None
Wednesday, May 24*None*STL*None*BSN*L*1*8*None*22-10*2* 0.5*None*None*None*None*None*None*-*None
Thursday, May 25*None*STL*None*BRO*L*1*8*None*22-11*2* 1.5*None*None*None*None*None*None*--*None
Friday, May 26*None*STL*None*BRO*T*3*3*None*22-11*2* 1.5*None*None*None*None*None*None*--*None
Saturday, May 27*None*STL*None*BRO*W*7*6*None*23-11*2* 0.5*None*None*None*None*None*None*+*None
Sunday, May 28*None*STL*None*BRO*L*1*3*None*23-12*2* 1.5*None*None*None*None*None*None*-*None
Tuesday, May 30*None*STL*@*BLN*W*7*3*None*24-12*2* 2.5*None*None*None*None*None*None*+*None
Tuesday, May 30*None*STL*@*BLN*L*4*6*None*24-13*2* 2.5*None*None*None*None*None*None*-*None
Wednesday, May 31*None*STL*@*BLN*L*3*4*None*24-14*3* 3.5*None*None*None*None*None*None*--*None
Thursday, Jun 1*None*STL*@*BLN*L*2*3*None*24-15*3* 4.5*None*None*None*None*None*None*---*None
Friday, Jun 2*None*STL*@*WHS*W*7*2*None*25-15*3* 4.5*None*None*None*None*None*None*+*None
Saturday, Jun 3*None*STL*@*WHS*L*2*11*None*25-16*3* 5.5*None*None*None*None*None*None*-*None
Monday, Jun 5*None*STL*@*WHS*L*3*11*None*25-17*4* 6.5*None*None*None*None*None*None*--*None
Tuesday, Jun 6*None*STL*@*PHI*W*6*3*None*26-17*3* 6.5*None*None*None*None*None*None*+*None
Wednesday, Jun 7*None*STL*@*PHI*W*3*2*None*27-17*3* 6.5*None*None*None*None*None*None*++*None
Thursday, Jun 8*None*STL*@*PHI*L*4*8*None*27-18*3* 7.5*None*None*None*None*None*None*-*None
Saturday, Jun 10*None*STL*@*CHC*L*0*3*None*27-19*3* 8.5*None*None*None*None*None*None*--*None
Sunday, Jun 11*None*STL*@*CHC*L*1*2*None*27-20*4* 9.0*None*None*None*None*None*None*---*None
Wednesday, Jun 14*None*STL*@*LOU*W*2*0*None*28-20*4* 8.5*None*None*None*None*None*None*+*None
Thursday, Jun 15*None*STL*@*LOU*W*4*2*None*29-20*3* 8.5*None*None*None*None*None*None*++*None
Friday, Jun 16*None*STL*@*LOU*L*12*13*None*29-21*5* 9.5*None*None*None*None*None*None*-*None
Saturday, Jun 17*None*STL*@*LOU*W*7*0*None*30-21*5* 9.0*None*None*None*None*None*None*+*None
Sunday, Jun 18*None*STL*None*WHS*W*8*3*None*31-21*4* 9.0*None*None*None*None*None*None*++*None
Monday, Jun 19*None*STL*None*WHS*W*7*4*None*32-21*3* 9.0*None*None*None*None*None*None*+++*None
Tuesday, Jun 20*None*STL*None*WHS*L*3*5*None*32-22*4* 10.0*None*None*None*None*None*None*-*None
Wednesday, Jun 21*None*STL*None*WHS*W*9*3*None*33-22*3* 10.0*None*None*None*None*None*None*+*None
Thursday, Jun 22*None*STL*None*WHS*W*4*1*None*34-22*3* 10.0*None*None*None*None*None*None*++*1899-08-14 (Rain; Site change)
Friday, Jun 23*None*STL*None*PHI*L*4*9*None*34-23*4* 10.0*None*None*None*None*None*None*-*None
Saturday, Jun 24*None*STL*None*PHI*L*3*4*None*34-24*5* 10.0*None*None*None*None*None*None*--*None
Sunday, Jun 25*None*STL*None*NYG*L*3*5*None*34-25*5* 11.5*None*None*None*None*None*None*---*1899-07-24 (Rain; Made up as part of 3-team DH)
Sunday, Jun 25*None*STL*None*CLV*L*1*3*None*34-26*5* 11.5*None*None*None*None*None*None*----*1899-04-23 (Rain; Made up as part of 3-team DH)
Tuesday, Jun 27*None*STL*None*PHI*W*6*4*None*35-26*5* 10.5*None*None*None*None*None*None*+*None
Wednesday, Jun 28*None*STL*None*BLN*L*0*5*None*35-27*5* 10.5*None*None*None*None*None*None*-*None
Thursday, Jun 29*None*STL*None*BLN*W*4*2*None*36-27*5* 9.5*None*None*None*None*None*None*+*None
Saturday, Jul 1*None*STL*None*BLN*L*2*6*None*36-28*5* 9.0*None*None*None*None*None*None*-*None
Sunday, Jul 2*None*STL*None*BLN*L*3*10*None*36-29*6* 9.5*None*None*None*None*None*None*--*None
Thursday, Jul 6*None*STL*None*CLV*W*9*4*None*37-29*6* 8.0*None*None*None*None*None*None*+*None
Saturday, Jul 8*None*STL*None*CLV*W*5*4*None*38-29*5* 8.0*None*None*None*None*None*None*++*None
Saturday, Jul 8*None*STL*None*CLV*W*6*2*None*39-29*5* 8.0*None*None*None*None*None*None*+++*1899-09-25 (Site change)
Sunday, Jul 9*None*STL*None*LOU*W*11*4*None*40-29*5* 7.0*None*None*None*None*None*None*++++*None
Sunday, Jul 9*None*STL*None*CLV*W*11*4*None*41-29*5* 7.0*None*None*None*None*None*None*+++++*None
Tuesday, Jul 11*None*STL*@*BRO*L*10*11*None*41-30*5* 7.5*None*None*None*None*None*None*-*None
Wednesday, Jul 12*None*STL*@*BRO*L*5*10*None*41-31*5* 8.5*None*None*None*None*None*None*--*None
Thursday, Jul 13*None*STL*@*BRO*W*8*2*None*42-31*5* 7.5*None*None*None*None*None*None*+*None
Friday, Jul 14*None*STL*@*NYG*W*3*1*None*43-31*5* 7.5*None*None*None*None*None*None*++*None
Saturday, Jul 15*None*STL*@*NYG*L*0*3*None*43-32*6* 8.5*None*None*None*None*None*None*-*None
Sunday, Jul 16*None*STL*@*NYG*W*10*2*None*44-32*5* 8.0*None*None*None*None*None*None*+*1899-07-17 (Schedule change; Played at WNY; NY1 home team)
Tuesday, Jul 18*None*STL*@*BSN*W*9*3*None*45-32*5* 7.5*None*None*None*None*None*None*++*None
Wednesday, Jul 19*None*STL*@*BSN*L*1*8*None*45-33*5* 8.5*None*None*None*None*None*None*-*None
Thursday, Jul 20*None*STL*@*BSN*W*3*2*None*46-33*4* 8.5*None*None*None*None*None*None*+*None
Sunday, Jul 23*None*STL*None*NYG*W*3*2*None*47-33*4* 8.0*None*None*None*None*None*None*++*None
Tuesday, Jul 25*None*STL*None*NYG*W*4*2*None*48-33*3* 7.5*None*None*None*None*None*None*+++*None
Wednesday, Jul 26*None*STL*None*NYG*W*4*3*None*49-33*3* 7.5*None*None*None*None*None*None*++++*None
Thursday, Jul 27*None*STL*None*BRO*L*3*12*None*49-34*3* 8.5*None*None*None*None*None*None*-*None
Friday, Jul 28*None*STL*None*BRO*W*5*0*None*50-34*3* 7.5*None*None*None*None*None*None*+*None
Saturday, Jul 29*None*STL*None*BRO*L*4*6*None*50-35*4* 8.5*None*None*None*None*None*None*-*None
Sunday, Jul 30*None*STL*None*BRO*L*5*9*None*50-36*5* 9.5*None*None*None*None*None*None*--*None
Tuesday, Aug 1*None*STL*None*BSN*W*8*7*None*51-36*4* 8.0*None*None*None*None*None*None*+*None
Wednesday, Aug 2*None*STL*None*BSN*L*2*10*None*51-37*5* 8.5*None*None*None*None*None*None*-*None
Wednesday, Aug 2*None*STL*None*BSN*L*1*5*None*51-38*5* 8.5*None*None*None*None*None*None*--*None
Thursday, Aug 3*None*STL*@*CHC*L*0*1*None*51-39*5* 9.0*None*None*None*None*None*None*---*1899-06-12 (Schedule change)
Friday, Aug 4*None*STL*@*CHC*L*3*8*None*51-40*5* 10.0*None*None*None*None*None*None*----*1899-07-04 (Rain)
Saturday, Aug 5*None*STL*@*PIT*L*0*4*None*51-41*5* 10.5*None*None*None*None*None*None*-----*None
Sunday, Aug 6*None*STL*@*CIN*L*2*4*None*51-42*6* 11.0*None*None*None*None*None*None*------*None
Monday, Aug 7*None*STL*@*PIT*W*11*5*None*52-42*6* 10.5*None*None*None*None*None*None*+*None
Monday, Aug 7*None*STL*@*PIT*L*1*3*None*52-43*6* 10.5*None*None*None*None*None*None*-*None
Tuesday, Aug 8*None*STL*@*BLN*L*5*7*None*52-44*7* 10.5*None*None*None*None*None*None*--*None
Wednesday, Aug 9*None*STL*@*BLN*W*6*3*None*53-44*7* 9.5*None*None*None*None*None*None*+*None
Thursday, Aug 10*None*STL*@*BLN*L*4*7*None*53-45*7* 10.0*None*None*None*None*None*None*-*None
Saturday, Aug 12*None*STL*@*WHS*W*9*3*None*54-45*7* 10.0*None*None*None*None*None*None*+*None
Tuesday, Aug 15*None*STL*@*WHS*W*8*3*None*55-45*6* 10.5*None*None*None*None*None*None*++*None
Wednesday, Aug 16*None*STL*@*PHI*L*4*9*None*55-46*6* 11.5*None*None*None*None*None*None*-*None
Thursday, Aug 17*None*STL*@*PHI*L*6*12*None*55-47*6* 12.5*None*None*None*None*None*None*--*None
Friday, Aug 18*None*STL*@*PHI*W*8*0*None*56-47*6* 13.0*None*None*None*None*None*None*+*None
Friday, Aug 18*None*STL*@*PHI*L*2*3*None*56-48*6* 13.0*None*None*None*None*None*None*-*None
Sunday, Aug 20*None*STL*@*CIN*W*10*1*None*57-48*5* 12.0*None*None*None*None*None*None*+*None
Monday, Aug 21*None*STL*None*CHC*W*2*0*None*58-48*5* 12.0*None*None*None*None*None*None*++*None
Tuesday, Aug 22*None*STL*None*CHC*W*5*1*None*59-48*5* 12.0*None*None*None*None*None*None*+++*None
Wednesday, Aug 23*None*STL*None*CHC*W*8*7*None*60-48*5* 12.0*None*None*None*None*None*None*++++*None
Wednesday, Aug 23*None*STL*None*CHC*L*7*12*None*60-49*5* 12.0*None*None*None*None*None*None*-*None
Thursday, Aug 24*None*STL*None*PHI*W*5*0*None*61-49*5* 12.0*None*None*None*None*None*None*+*None
Friday, Aug 25*None*STL*None*PHI*W*7*2*None*62-49*5* 11.0*None*None*None*None*None*None*++*None
Friday, Aug 25*None*STL*None*PHI*W*3*1*None*63-49*5* 11.0*None*None*None*None*None*None*+++*1899-06-26 (Rain)
Saturday, Aug 26*None*STL*None*PHI*L*4*5*None*63-50*5* 12.0*None*None*None*None*None*None*-*None
Sunday, Aug 27*None*STL*None*WHS*W*16*2*None*64-50*5* 12.5*None*None*None*None*None*None*+*None
Sunday, Aug 27*None*STL*None*WHS*L*9*15*None*64-51*5* 12.5*None*None*None*None*None*None*-*1899-08-15 (Wet grounds; Site change)
Monday, Aug 28*None*STL*None*WHS*L*12*14*None*64-52*6* 13.5*None*None*None*None*None*None*--*None
Tuesday, Aug 29*None*STL*None*WHS*L*7*13*None*64-53*6* 14.5*None*None*None*None*None*None*---*None
Thursday, Aug 31*None*STL*None*BLN*W*5*3*None*65-53*5* 14.0*None*None*None*None*None*None*+*None
Friday, Sep 1*None*STL*None*BLN*W*7*6*None*66-53*5* 14.5*None*None*None*None*None*None*++*None
Saturday, Sep 2*None*STL*None*BLN*W*8*4*None*67-53*5* 14.0*None*None*None*None*None*None*+++*None
Sunday, Sep 3*None*STL*@*CHC*W*7*1*None*68-53*5* 13.5*None*None*None*None*None*None*++++*None
Monday, Sep 4*None*STL*None*LOU*L*2*14*None*68-54*5* 14.5*None*None*None*None*None*None*-*None
Monday, Sep 4*None*STL*None*LOU*W*2*1*None*69-54*5* 14.5*None*None*None*None*None*None*+*None
Tuesday, Sep 5*None*STL*None*LOU*T*4*4*None*69-54*6* 15.0*None*None*None*None*None*None*+*None
Thursday, Sep 7*None*STL*None*CIN*L*2*4*None*69-55*6* 15.5*None*None*None*None*None*None*-*None
Friday, Sep 8*None*STL*None*CIN*W*12*3*None*70-55*6* 15.5*None*None*None*None*None*None*+*None
Saturday, Sep 9*None*STL*None*CIN*W*11*6*None*71-55*5* 15.5*None*None*None*None*None*None*++*None
Monday, Sep 11*None*STL*@*BSN*L*2*5*None*71-56*6* 16.0*None*None*None*None*None*None*-*None
Wednesday, Sep 13*None*STL*@*BSN*L*3*6*None*71-57*6* 18.0*None*None*None*None*None*None*--*None
Wednesday, Sep 13*None*STL*@*BSN*L*3*5*None*71-58*6* 18.0*None*None*None*None*None*None*---*1899-09-12 (Wet grounds)
Thursday, Sep 14*None*STL*@*BSN*W*11*1*None*72-58*5* 18.0*None*None*None*None*None*None*+*None
Thursday, Sep 14*None*STL*@*BSN*W*7*4*None*73-58*5* 18.0*None*None*None*None*None*None*++*1899-07-31 (Rain; Site change)
Friday, Sep 15*None*STL*@*NYG*L*5*10*None*73-59*6* 18.0*None*None*None*None*None*None*-*None
Saturday, Sep 16*None*STL*@*NYG*W*6*0*None*74-59*5* 18.0*None*None*None*None*None*None*+*None
Sunday, Sep 17*None*STL*@*NYG*W*14*4*None*75-59*5* 17.5*None*None*None*None*None*None*++*1899-09-18 (Schedule change; Played at WNY; NY1 home team)
Tuesday, Sep 19*None*STL*@*NYG*W*13*2*None*76-59*5* 16.5*None*None*None*None*None*None*+++*None
Wednesday, Sep 20*None*STL*@*BRO*W*5*3*None*77-59*5* 15.5*None*None*None*None*None*None*++++*None
Friday, Sep 22*None*STL*@*BRO*L*0*2*None*77-60*5* 16.5*None*None*None*None*None*None*-*None
Sunday, Sep 24*None*STL*None*LOU*L*6*7*None*77-61*5* 17.5*None*None*None*None*None*None*--*1899-09-06 (Unknown reason; Made up as part of 3-team DH)
Monday, Sep 25*None*STL*None*LOU*L*3*16*None*77-62*5* 18.5*None*None*None*None*None*None*---*1899-09-28 (Site change)
Tuesday, Sep 26*None*STL*None*CLV*W*15*3*None*78-62*5* 18.0*None*None*None*None*None*None*+*1899-09-26 (Site change)
Wednesday, Sep 27*None*STL*None*LOU*W*3*2*None*79-62*5* 18.0*None*None*None*None*None*None*++*1899-09-29 (Site change)
Thursday, Sep 28*None*STL*None*LOU*W*7*3*None*80-62*5* 17.0*None*None*None*None*None*None*+++*1899-09-28 (Site change)
Saturday, Sep 30*None*STL*None*CLV*W*10*3*None*81-62*5* 15.5*None*None*None*None*None*None*++++*1899-09-27 (Site change)
Sunday, Oct 1*None*STL*None*CLV*W*4*3*None*82-62*5* 15.0*None*None*None*None*None*None*+++++*None
Monday, Oct 2*None*STL*None*PIT*L*6*7*None*82-63*5* 16.0*None*None*None*None*None*None*-*None
Tuesday, Oct 3*None*STL*None*PIT*L*6*9*None*82-64*5* 16.5*None*None*None*None*None*None*--*None
Wednesday, Oct 4*None*STL*None*PIT*L*4*8*None*82-65*5* 17.5*None*None*None*None*None*None*---*None
Thursday, Oct 5*None*STL*None*PIT*L*6*9*None*82-66*5* 17.5*None*None*None*None*None*None*----*None
Sunday, Oct 8*None*STL*None*CIN*W*8*7*None*83-66*5* 17.5*None*None*None*None*None*None*+*None
Sunday, Oct 8*None*STL*None*CIN*T*1*1*None*83-66*5* 17.5*None*None*None*None*None*None*+*1899-10-10 (Rain)
Monday, Oct 9*None*STL*None*CIN*W*6*4*None*84-66*5* 17.0*None*None*None*None*None*None*++*None
Monday, Oct 9*None*STL*None*CIN*T*6*6*None*84-66*5* 17.0*None*None*None*None*None*None*++*1899-10-11 (Rain)
Sunday, Oct 15*None*STL*@*CHC*L*0*7*None*84-67*5* 18.5*None*None*None*None*None*None*-*1899-07-04 (Rain; Made up as part of 3-team DH)