date,boxscore,team,home_or_away,opponent,win_or_loss,runs,runs_allowed,innings,win_loss_record,rank,games_behind,win,loss,save,time,day_or_night,attendance,streak,originally_scheduled
"Thursday, Apr 9",boxscore,STL,@,CHC,W,4,2,None,2-0,1, Tied,Cox,Trout,Worrell,2:48,D,"12,441",++,None
"Friday, Apr 10",boxscore,STL,@,PIT,L-wo,3,4,None,2-1,2, 1.0,Robinson,LaPoint,None,2:56,N,"52,119",-,None
"Saturday, Apr 11",boxscore,STL,@,PIT,W,6,3,None,3-1,1, Tied,Forsch,Kipper,Worrell,2:37,D,"6,720",+,None
"Sunday, Apr 12",boxscore,STL,@,PIT,L,4,7,None,3-2,1, Tied,Patterson,Tudor,Robinson,3:07,D,"6,749",-,None
"Monday, Apr 13",boxscore,STL,@,PIT,W,8,4,None,4-2,1,up 0.5,Cox,Drabek,Horton,2:32,D,"5,182",+,None
"Tuesday, Apr 14",boxscore,STL,None,MON,L,4,9,None,4-3,2, 0.5,Tibbs,Mathews,None,2:34,N,"48,458",-,None
"Thursday, Apr 16",boxscore,STL,None,MON,L,3,4,None,4-4,2, 2.0,Heaton,Forsch,St. Claire,2:26,D,"26,976",--,None
"Friday, Apr 17",boxscore,STL,None,NYM,W,4,3,None,5-4,2, 1.0,Tudor,Ojeda,Horton,2:27,N,"43,699",+,None
"Saturday, Apr 18",boxscore,STL,None,NYM,W-wo,12,8,10,6-4,1, Tied,LaPoint,Orosco,None,3:50,N,"41,942",++,None
"Sunday, Apr 19",boxscore,STL,None,NYM,W,4,2,None,7-4,1,up 1.0,Mathews,Fernandez,Horton,2:37,D,"28,034",+++,None
"Tuesday, Apr 21",boxscore,STL,None,CHC,L,4,5,None,7-5,1,up 0.5,Noles,Dawley,Smith,2:39,N,"26,333",-,None
"Wednesday, Apr 22",boxscore,STL,None,CHC,L,4,5,None,7-6,2, 0.5,Sutcliffe,Dawley,Smith,2:56,N,"23,784",--,None
"Thursday, Apr 23",boxscore,STL,None,CHC,W,5,2,None,8-6,1, Tied,Cox,Maddux,None,2:29,D,"29,347",+,None
"Friday, Apr 24",boxscore,STL,@,NYM,L,1,2,None,8-7,2, 1.0,Fernandez,Mathews,None,2:33,N,"21,108",-,None
"Saturday, Apr 25",boxscore,STL,@,NYM,W,3,2,None,9-7,1, Tied,Magrane,Aguilera,Horton,2:39,D,"34,640",+,None
"Sunday, Apr 26",boxscore,STL,@,NYM,W,7,4,None,10-7,1,up 1.0,Forsch,Darling,Worrell,3:00,D,"45,360",++,None
"Tuesday, Apr 28",boxscore,STL,None,SDP,L,2,5,None,10-8,1,up 1.0,Whitson,Conroy,McCullers,2:31,N,"25,573",-,None
"Wednesday, Apr 29",boxscore,STL,None,SDP,W,10,6,None,11-8,1,up 1.0,Perry,McCullers,None,2:58,N,"22,575",+,None
"Thursday, Apr 30",boxscore,STL,None,SDP,W,5,4,None,12-8,1,up 1.0,Mathews,Davis,Perry,2:59,D,"24,081",++,None
"Friday, May 1",boxscore,STL,None,LAD,W-wo,5,4,10,13-8,1,up 1.0,Horton,Young,None,3:25,N,"44,383",+++,None
"Saturday, May 2",boxscore,STL,None,LAD,L,6,7,None,13-9,1,up 1.0,Holton,Worrell,Hershiser,2:52,N,"46,247",-,None
"Monday, May 4",boxscore,STL,None,SFG,L,7,10,None,13-10,2, 0.5,LaCoss,Dawley,Robinson,3:15,N,"22,833",--,None
"Tuesday, May 5",boxscore,STL,None,SFG,L,6,10,None,13-11,2, 0.5,Garrelts,Mathews,None,3:03,D,"25,574",---,None
"Wednesday, May 6",boxscore,STL,@,SDP,W,3,0,None,14-11,2, 0.5,Magrane,Whitson,None,2:02,N,"11,937",+,None
"Thursday, May 7",boxscore,STL,@,SDP,W,17,10,None,15-11,1,up 0.5,Forsch,Hawkins,None,3:13,D,"15,607",++,None
"Friday, May 8",boxscore,STL,@,LAD,W,5,1,None,16-11,1,up 0.5,Conroy,Pena,Horton,2:55,N,"48,667",+++,None
"Saturday, May 9",boxscore,STL,@,LAD,L,2,4,None,16-12,2, 0.5,Valenzuela,Cox,None,2:30,N,"48,657",-,None
"Sunday, May 10",boxscore,STL,@,LAD,L,6,7,None,16-13,2, 0.5,Young,Perry,None,3:02,D,"41,360",--,None
"Tuesday, May 12",boxscore,STL,@,SFG,W,6,5,None,17-13,1, Tied,Magrane,Davis,Worrell,2:51,N,"14,318",+,None
"Wednesday, May 13",boxscore,STL,@,SFG,W,7,6,None,18-13,1, Tied,Soff,Robinson,Worrell,3:04,D,"16,891",++,None
"Friday, May 15",boxscore,STL,None,CIN,W,5,4,None,19-13,1, Tied,Cox,Power,Worrell,2:40,N,"46,434",+++,None
"Saturday, May 16",boxscore,STL,None,CIN,W,6,5,None,20-13,1, Tied,Conroy,Soto,Worrell,2:31,N,"46,887",++++,None
"Sunday, May 17",boxscore,STL,None,CIN,W,10,2,None,21-13,1, Tied,Tunnell,Reuss,None,2:36,D,"47,187",+++++,None
"Tuesday, May 19",boxscore,STL,@,ATL,L-wo,5,6,None,21-14,2, 1.0,Garber,Worrell,None,2:38,N,"11,886",-,1987-05-18 (Schedule change)
"Wednesday, May 20",boxscore,STL,@,ATL,W,5,4,None,22-14,1, Tied,Horton,Garber,Worrell,3:18,D,"8,050",+,None
"Thursday, May 21",boxscore,STL,@,ATL,W,7,2,None,23-14,1, Tied,Forsch,Smith,None,2:34,D,"9,579",++,None
"Friday, May 22",boxscore,STL,@,HOU,W,7,5,None,24-14,1,up 1.0,Conroy,Ryan,Worrell,3:21,N,"22,533",+++,None
"Saturday, May 23",boxscore,STL,@,HOU,W,4,3,None,25-14,1,up 1.0,Perry,Knepper,Worrell,2:55,N,"31,443",++++,None
"Sunday, May 24",boxscore,STL,@,HOU,W,8,2,None,26-14,1,up 1.0,Magrane,Scott,None,2:29,D,"24,591",+++++,None
"Monday, May 25",boxscore,STL,None,ATL,L,5,14,None,26-15,1,up 1.0,Smith,Cox,None,2:54,N,"34,413",-,None
"Tuesday, May 26",boxscore,STL,None,ATL,L,4,5,None,26-16,1,up 1.0,Alexander,Dawley,Acker,2:44,N,"27,523",--,None
"Thursday, May 28",boxscore,STL,None,ATL,W,11,5,None,27-16,1,up 1.0,Dawley,Mahler,None,3:12,D,"33,973",+,None
"Friday, May 29",boxscore,STL,None,HOU,W,8,2,None,28-16,1,up 2.0,Tunnell,Lopez,None,2:21,N,"48,423",++,None
"Saturday, May 30",boxscore,STL,None,HOU,W,3,2,None,29-16,1,up 2.0,Cox,Knepper,Worrell,2:27,D,"47,663",+++,None
"Sunday, May 31",boxscore,STL,None,HOU,L,7,8,None,29-17,1,up 2.0,Deshaies,Mathews,Smith,3:28,D,"40,200",-,None
"Monday, Jun 1",boxscore,STL,@,CIN,W,8,6,10,30-17,1,up 3.0,Worrell,Robinson,None,2:57,N,"18,245",+,None
"Tuesday, Jun 2",boxscore,STL,@,CIN,L,2,3,None,30-18,1,up 2.0,Hoffman,Tunnell,Franco,2:40,N,"17,910",-,None
"Wednesday, Jun 3",boxscore,STL,@,CIN,L,4,6,None,30-19,1,up 1.0,Pacillo,Conroy,Franco,2:39,N,"19,807",--,None
"Thursday, Jun 4",boxscore,STL,@,CHC,W,3,1,None,31-19,1,up 2.0,Cox,Maddux,Worrell,2:50,D,"32,102",+,None
"Friday, Jun 5",boxscore,STL,@,CHC,W,5,1,None,32-19,1,up 3.0,Mathews,Sanderson,None,3:24,D,"36,818",++,None
"Saturday, Jun 6",boxscore,STL,@,CHC,L,5,6,None,32-20,1,up 2.0,Moyer,Forsch,Smith,2:42,D,"39,008",-,None
"Sunday, Jun 7",boxscore,STL,@,CHC,W,13,9,None,33-20,1,up 3.0,Dawley,Mason,Worrell,3:50,D,"38,388",+,None
"Monday, Jun 8",boxscore,STL,@,PHI,W,12,8,None,34-20,1,up 3.0,Horton,Carman,None,3:32,N,"23,422",++,None
"Tuesday, Jun 9",boxscore,STL,@,PHI,L,2,3,None,34-21,1,up 2.0,Ruffin,Cox,Bedrosian,2:25,N,"22,009",-,None
"Wednesday, Jun 10",boxscore,STL,@,PHI,W,3,1,None,35-21,1,up 3.0,Mathews,Gross,Worrell,2:44,N,"27,976",+,None
"Friday, Jun 12",boxscore,STL,None,CHC,W,4,1,None,36-21,1,up 4.0,Forsch,Moyer,Worrell,2:35,N,"48,096",++,None
"Saturday, Jun 13",boxscore,STL,None,CHC,W,9,2,None,37-21,1,up 5.0,Tunnell,Sutcliffe,None,3:19,D,"47,395",+++,None
"Sunday, Jun 14",boxscore,STL,None,CHC,W,3,2,None,38-21,1,up 6.0,Cox,Sanderson,Worrell,2:50,D,"46,106",++++,None
"Monday, Jun 15",boxscore,STL,None,PIT,L,1,3,None,38-22,1,up 5.5,Dunne,Mathews,None,2:47,N,"30,887",-,None
"Tuesday, Jun 16",boxscore,STL,None,PIT,W,11,1,None,39-22,1,up 6.0,Dawley,Drabek,Horton,2:50,N,"27,048",+,None
"Wednesday, Jun 17",boxscore,STL,None,PIT,L,1,4,None,39-23,1,up 5.0,Reuschel,Forsch,None,2:23,N,"30,891",-,None
"Thursday, Jun 18",boxscore,STL,None,PIT,W-wo,8,6,10,40-23,1,up 5.0,Dawley,Robinson,None,3:13,N,"35,264",+,None
"Friday, Jun 19",boxscore,STL,None,MON,L,7,8,11,40-24,1,up 5.0,McClure,Dawley,Sorensen,3:58,N,"41,447",-,None
"Saturday, Jun 20",boxscore,STL,None,MON,L,5,7,None,40-25,1,up 4.5,Parrett,Worrell,None,3:24,N,"47,616",--,None
"Sunday, Jun 21",boxscore,STL,None,MON,W,7,3,None,41-25,1,up 5.0,Magrane,Sebra,Dawley,2:16,D,"43,052",+,None
"Tuesday, Jun 23",boxscore,STL,None,PHI,L,1,4,None,41-26,1,up 3.5,Rawley,Tunnell,Bedrosian,2:39,N,"30,455",-,None
"Wednesday, Jun 24",boxscore,STL,None,PHI,W,5,3,None,42-26,1,up 4.5,Worrell,Jackson,None,2:37,N,"29,328",+,None
"Thursday, Jun 25",boxscore,STL,None,PHI,W,3,0,None,43-26,1,up 5.5,Mathews,Ruffin,None,2:40,N,"38,357",++,None
"Friday, Jun 26",boxscore,STL,@,MON,L,1,5,None,43-27,1,up 4.5,Sebra,Magrane,None,2:15,N,"25,799",-,None
"Saturday, Jun 27",boxscore,STL,@,MON,W,15,5,None,44-27,1,up 5.5,Forsch,Smith,Horton,3:03,N,"35,346",+,None
"Sunday, Jun 28",boxscore,STL,@,MON,W,7,6,11,45-27,1,up 6.5,Dayley,Parrett,None,3:30,D,"36,109",++,None
"Monday, Jun 29",boxscore,STL,@,NYM,W,8,7,11,46-27,1,up 7.5,Worrell,Orosco,Dayley,4:11,N,"43,106",+++,None
"Tuesday, Jun 30",boxscore,STL,@,NYM,L-wo,2,3,None,46-28,1,up 6.5,Gooden,Mathews,None,2:48,N,"49,416",-,None
"Wednesday, Jul 1",boxscore,STL,@,NYM,L,6,9,None,46-29,1,up 5.5,Myers,Dawley,McDowell,3:36,N,"40,797",--,None
"Friday, Jul 3",boxscore,STL,@,ATL,W,9,1,None,47-29,1,up 6.0,Forsch,Puleo,None,2:42,N,"45,679",+,None
"Saturday, Jul 4",boxscore,STL,@,ATL,W,3,0,None,48-29,1,up 6.5,Cox,Smith,Worrell,3:05,D,"36,050",++,None
"Sunday, Jul 5",boxscore,STL,@,ATL,W,4,1,None,49-29,1,up 7.5,Mathews,Alexander,Worrell,2:41,D,"29,359",+++,None
"Tuesday, Jul 7",boxscore,STL,None,LAD,W,5,4,None,50-29,1,up 8.0,Worrell,Leary,None,2:51,N,None,++++,None
"Tuesday, Jul 7",boxscore,STL,None,LAD,W-wo,5,4,10,51-29,1,up 8.0,Dayley,Howell,None,3:46,N,"39,236",+++++,1987-05-03 (Rain)
"Wednesday, Jul 8",boxscore,STL,None,LAD,W,6,3,None,52-29,1,up 9.0,Forsch,Valenzuela,None,2:36,N,None,++++++,None
"Wednesday, Jul 8",boxscore,STL,None,LAD,W-wo,8,7,10,53-29,1,up 9.0,Perry,Hershiser,None,3:12,N,"41,353",+++++++,1987-07-06 (Rain)
"Thursday, Jul 9",boxscore,STL,None,SFG,W-wo,7,6,10,54-29,1,up 9.0,Horton,Garrelts,None,3:28,N,"37,917",++++++++,None
"Friday, Jul 10",boxscore,STL,None,SFG,W-wo,7,5,13,55-29,1,up10.0,Tunnell,Lefferts,None,4:32,N,"43,845",+++++++++,None
"Saturday, Jul 11",boxscore,STL,None,SFG,L,1,3,None,55-30,1,up 9.0,Downs,Magrane,Garrelts,2:40,N,"49,652",-,None
"Sunday, Jul 12",boxscore,STL,None,SFG,W,3,2,None,56-30,1,up 9.0,Horton,Hammaker,Dayley,2:54,D,"41,562",+,None
"Thursday, Jul 16",boxscore,STL,@,SDP,L-wo,8,9,10,56-31,1,up 8.0,McCullers,Worrell,None,3:44,N,"14,837",-,None
"Friday, Jul 17",boxscore,STL,@,SDP,W,4,3,None,57-31,1,up 8.0,Mathews,Grant,Worrell,2:35,N,"15,466",+,None
"Saturday, Jul 18",boxscore,STL,@,SDP,L-wo,3,4,10,57-32,1,up 7.0,Gossage,Dayley,None,3:01,D,"30,691",-,None
"Sunday, Jul 19",boxscore,STL,@,SDP,W,5,4,10,58-32,1,up 7.0,Dayley,Gossage,Worrell,2:59,D,"20,701",+,None
"Tuesday, Jul 21",boxscore,STL,@,LAD,W,6,1,None,59-32,1,up 7.5,Forsch,Valenzuela,None,2:41,N,"41,023",++,None
"Wednesday, Jul 22",boxscore,STL,@,LAD,W,3,1,None,60-32,1,up 8.5,Dayley,Welch,None,2:52,N,"33,665",+++,None
"Thursday, Jul 23",boxscore,STL,@,LAD,W,9,6,None,61-32,1,up 9.5,Dayley,Young,Worrell,2:52,N,"33,565",++++,None
"Friday, Jul 24",boxscore,STL,@,SFG,L,3,4,None,61-33,1,up 8.5,Hammaker,Horton,Robinson,2:37,N,"18,071",-,None
"Saturday, Jul 25",boxscore,STL,@,SFG,L,4,5,None,61-34,1,up 7.5,Garrelts,Dawley,None,2:31,D,"26,751",--,None
"Sunday, Jul 26",boxscore,STL,@,SFG,L-wo,3,6,10,61-35,1,up 6.0,Garrelts,Worrell,None,3:02,D,None,---,None
"Sunday, Jul 26",boxscore,STL,@,SFG,L,2,5,None,61-36,1,up 6.0,LaCoss,Mathews,Lefferts,2:51,D,"41,256",----,None
"Tuesday, Jul 28",boxscore,STL,None,NYM,L,4,6,None,61-37,1,up 6.0,Darling,Worrell,McDowell,3:28,N,"47,296",-----,None
"Wednesday, Jul 29",boxscore,STL,None,NYM,L,4,6,10,61-38,1,up 5.0,McDowell,Perry,None,3:28,N,"45,781",------,None
"Thursday, Jul 30",boxscore,STL,None,NYM,L,3,5,None,61-39,1,up 4.0,Gooden,Mathews,McDowell,3:09,N,"48,256",-------,None
"Friday, Jul 31",boxscore,STL,None,PIT,W-wo,4,3,None,62-39,1,up 4.0,Dayley,Jones,None,2:49,N,"38,757",+,None
"Saturday, Aug 1",boxscore,STL,None,PIT,W-wo,7,6,10,63-39,1,up 5.0,Worrell,Jones,None,3:05,N,"47,106",++,None
"Sunday, Aug 2",boxscore,STL,None,PIT,W,9,1,None,64-39,1,up 6.0,Magrane,Pena,None,2:52,D,"44,695",+++,None
"Monday, Aug 3",boxscore,STL,@,MON,W,5,2,None,65-39,1,up 6.5,Horton,Smith,Worrell,2:54,N,"33,424",++++,None
"Tuesday, Aug 4",boxscore,STL,@,MON,L,5,10,None,65-40,1,up 5.5,McClure,Tunnell,Parrett,3:24,N,"35,555",-,None
"Wednesday, Aug 5",boxscore,STL,@,MON,L-wo,1,2,13,65-41,1,up 4.5,St. Claire,Dayley,None,4:00,N,"26,378",--,None
"Thursday, Aug 6",boxscore,STL,@,PHI,W,5,2,None,66-41,1,up 4.5,Tudor,Hume,Worrell,2:56,N,"31,635",+,None
"Friday, Aug 7",boxscore,STL,@,PHI,L,5,15,None,66-42,1,up 3.5,Rawley,Magrane,None,2:44,N,"31,247",-,None
"Saturday, Aug 8",boxscore,STL,@,PHI,W,9,5,None,67-42,1,up 4.5,Worrell,Carman,None,3:09,N,"46,732",+,None
"Sunday, Aug 9",boxscore,STL,@,PHI,L-wo,7,8,14,67-43,1,up 4.5,Ritchie,Horton,None,4:36,D,"37,158",-,None
"Monday, Aug 10",boxscore,STL,@,PIT,W,6,0,None,68-43,1,up 5.5,Forsch,Fisher,None,2:43,N,"11,445",+,None
"Tuesday, Aug 11",boxscore,STL,@,PIT,W,6,5,None,69-43,1,up 5.5,Dayley,Reuschel,Worrell,2:50,N,"14,637",++,None
"Wednesday, Aug 12",boxscore,STL,@,PIT,L,0,11,None,69-44,1,up 4.5,Walk,Magrane,None,2:21,N,"15,186",-,None
"Thursday, Aug 13",boxscore,STL,None,PHI,L,2,4,13,69-45,1,up 4.5,Bedrosian,Dayley,Ritchie,3:50,N,"37,088",--,None
"Friday, Aug 14",boxscore,STL,None,PHI,W,8,4,None,70-45,1,up 5.5,Mathews,Ruffin,Worrell,2:55,N,"47,913",+,None
"Saturday, Aug 15",boxscore,STL,None,PHI,L,2,5,None,70-46,1,up 5.0,Gross,Forsch,Bedrosian,2:48,N,"48,309",-,None
"Sunday, Aug 16",boxscore,STL,None,PHI,L,3,4,None,70-47,1,up 4.0,Rawley,Tudor,Bedrosian,2:40,D,"43,759",--,None
"Tuesday, Aug 18",boxscore,STL,@,HOU,L,0,4,None,70-48,1,up 3.0,Ryan,Cox,Smith,2:34,N,"28,790",---,None
"Wednesday, Aug 19",boxscore,STL,@,HOU,L,1,2,None,70-49,1,up 3.0,Knepper,Magrane,Andersen,2:10,N,"30,223",----,None
"Thursday, Aug 20",boxscore,STL,@,HOU,L,4,5,None,70-50,1,up 2.5,Childress,Dayley,Agosto,2:35,D,"39,259",-----,None
"Friday, Aug 21",boxscore,STL,@,CIN,W,2,1,None,71-50,1,up 3.5,Tudor,Hoffman,Worrell,2:46,N,"41,492",+,None
"Saturday, Aug 22",boxscore,STL,@,CIN,W,9,7,None,72-50,1,up 4.0,Perry,Murphy,Dayley,3:16,N,"43,874",++,None
"Sunday, Aug 23",boxscore,STL,@,CIN,W,12,6,None,73-50,1,up 4.5,Cox,Gullickson,None,3:22,D,"39,923",+++,None
"Monday, Aug 24",boxscore,STL,None,HOU,L,2,5,None,73-51,1,up 3.5,Knepper,Magrane,None,2:19,N,"32,413",-,None
"Tuesday, Aug 25",boxscore,STL,None,HOU,W,7,1,None,74-51,1,up 4.5,Mathews,Darwin,None,2:46,N,"36,054",+,None
"Wednesday, Aug 26",boxscore,STL,None,HOU,W,5,4,None,75-51,1,up 4.5,Dayley,Agosto,None,2:34,D,"37,979",++,None
"Friday, Aug 28",boxscore,STL,None,ATL,W-wo,4,3,None,76-51,1,up 4.5,Worrell,Garber,None,2:57,N,"43,524",+++,None
"Saturday, Aug 29",boxscore,STL,None,ATL,W,4,2,None,77-51,1,up 5.0,Magrane,Puleo,Worrell,2:49,D,"39,208",++++,None
"Sunday, Aug 30",boxscore,STL,None,ATL,W-wo,4,3,None,78-51,1,up 5.0,Dawley,Acker,None,2:21,D,"39,370",+++++,None
"Monday, Aug 31",boxscore,STL,None,CIN,W,4,0,None,79-51,1,up 5.5,Tudor,Power,None,2:24,N,"39,348",++++++,None
"Tuesday, Sep 1",boxscore,STL,None,CIN,L,4,7,None,79-52,1,up 4.5,Hoffman,Horton,None,2:42,N,"33,825",-,None
"Wednesday, Sep 2",boxscore,STL,None,CIN,L,1,3,None,79-53,1,up 3.5,Williams,Cox,Franco,2:27,N,"34,985",--,None
"Friday, Sep 4",boxscore,STL,None,SDP,W,4,2,None,80-53,1,up 3.5,Worrell,Davis,None,3:03,N,"34,319",+,None
"Saturday, Sep 5",boxscore,STL,None,SDP,L,1,4,None,80-54,1,up 2.5,Grant,Mathews,McCullers,2:43,N,"49,555",-,None
"Sunday, Sep 6",boxscore,STL,None,SDP,W,6,4,None,81-54,1,up 3.5,Tudor,Show,Worrell,2:46,D,"42,402",+,None
"Monday, Sep 7",boxscore,STL,@,MON,L,2,9,None,81-55,1,up 3.5,Perez,Cox,None,2:58,D,"50,342",-,None
"Tuesday, Sep 8",boxscore,STL,@,MON,L,1,4,None,81-56,1,up 2.5,Smith,Forsch,McGaffigan,2:33,N,"35,672",--,None
"Wednesday, Sep 9",boxscore,STL,@,MON,L,3,8,None,81-57,1,up 1.5,Martinez,Magrane,None,3:17,N,"33,173",---,None
"Friday, Sep 11",boxscore,STL,@,NYM,W,6,4,10,82-57,1,up 2.5,Dayley,Orosco,None,3:43,N,"51,795",+,None
"Saturday, Sep 12",boxscore,STL,@,NYM,W,8,1,None,83-57,1,up 3.0,Mathews,Gooden,None,2:43,D,"47,734",++,None
"Sunday, Sep 13",boxscore,STL,@,NYM,L,2,4,None,83-58,1,up 2.5,Cone,Cox,Myers,2:46,D,"21,285",-,None
"Monday, Sep 14",boxscore,STL,@,PHI,L-wo,2,3,11,83-59,1,up 1.5,Calhoun,Dayley,None,3:50,N,"20,749",--,None
"Tuesday, Sep 15",boxscore,STL,@,PHI,W,4,3,None,84-59,1,up 1.5,Horton,Gross,Worrell,3:17,N,"20,697",+,None
"Wednesday, Sep 16",boxscore,STL,@,PIT,W,8,5,None,85-59,1,up 1.5,Tudor,Drabek,None,2:55,N,"15,323",++,None
"Thursday, Sep 17",boxscore,STL,@,PIT,L,0,1,None,85-60,1,up 1.5,Dunne,Mathews,Gott,2:56,N,"5,640",-,None
"Friday, Sep 18",boxscore,STL,None,CHC,L,1,8,None,85-61,1,up 1.5,Sutcliffe,Cox,None,2:46,N,"44,189",--,None
"Saturday, Sep 19",boxscore,STL,None,CHC,W,5,3,None,86-61,1,up 1.5,Magrane,Sanderson,Worrell,2:40,N,"48,387",+,None
"Sunday, Sep 20",boxscore,STL,None,CHC,W,10,2,None,87-61,1,up 2.5,Forsch,Maddux,None,2:52,D,"44,894",++,None
"Monday, Sep 21",boxscore,STL,None,PHI,W,3,1,None,88-61,1,up 2.5,Tudor,Carman,Worrell,2:25,N,"38,396",+++,None
"Tuesday, Sep 22",boxscore,STL,None,PHI,W,3,2,None,89-61,1,up 3.5,Cox,Rawley,Worrell,2:45,N,"42,725",++++,None
"Wednesday, Sep 23",boxscore,STL,None,PIT,L,0,2,None,89-62,1,up 2.5,Fisher,Mathews,None,2:28,N,"30,235",-,None
"Thursday, Sep 24",boxscore,STL,None,PIT,W-wo,3,2,None,90-62,1,up 3.5,Horton,Robinson,None,2:57,N,"35,921",+,None
"Friday, Sep 25",boxscore,STL,@,CHC,L,1,2,None,90-63,1,up 2.5,Sanderson,Forsch,DiPino,2:47,D,"21,561",-,None
"Saturday, Sep 26",boxscore,STL,@,CHC,W,5,3,None,91-63,1,up 3.5,Tudor,Sutcliffe,Dayley,3:40,D,"35,669",+,None
"Sunday, Sep 27",boxscore,STL,@,CHC,L,3,7,None,91-64,1,up 2.5,Lancaster,Cox,Smith,2:49,D,"33,912",-,None
"Tuesday, Sep 29",boxscore,STL,None,MON,W,1,0,None,92-64,1,up 3.5,Magrane,Martinez,None,2:24,N,None,+,None
"Tuesday, Sep 29",boxscore,STL,None,MON,W,3,0,None,93-64,1,up 3.5,Mathews,Smith,Worrell,2:36,N,"48,142",++,1987-06-22 (Rain)
"Wednesday, Sep 30",boxscore,STL,None,MON,L,1,6,None,93-65,1,up 3.5,Perez,Forsch,Burke,2:44,N,"43,236",-,None
"Thursday, Oct 1",boxscore,STL,None,MON,W,8,2,None,94-65,1,up 4.0,Cox,Tibbs,None,2:36,N,"48,763",+,None
"Friday, Oct 2",boxscore,STL,None,NYM,W,3,2,None,95-65,1,up 5.0,Tudor,Mitchell,Peters,2:14,N,"45,517",++,None
"Saturday, Oct 3",boxscore,STL,None,NYM,L,1,7,None,95-66,1,up 4.0,Aguilera,Tunnell,Cone,2:33,D,"46,845",-,None
"Sunday, Oct 4",boxscore,STL,None,NYM,L,6,11,None,95-67,1,up 3.0,Myers,Dawley,None,3:06,D,"41,890",--,None