date*boxscore*team*home_or_away*opponent*win_or_loss*runs*runs_allowed*innings*win_loss_record*rank*games_behind*win*loss*save*time*day_or_night*attendance*streak*originally_scheduled
Sunday, Apr 18*None*STL*None*PIT*W*10*5*None*2-0*1* Tied*None*None*None*1:40*None*12,000*++*1886-04-17 (Rain)
Monday, Apr 19*None*STL*None*PIT*L*5*6*None*2-1*3* 0.5*None*None*None*1:35*None*None*-*None
Tuesday, Apr 20*None*STL*None*PIT*W*11*10*None*3-1*1*up 0.5*None*None*None*2:05*None*None*+*None
Wednesday, Apr 21*None*STL*None*LOU*L*1*12*None*3-2*3* 0.5*None*None*None*2:10*None*None*-*None
Thursday, Apr 22*None*STL*None*LOU*L*5*6*None*3-3*4* 1.5*None*None*None*2:30*None*None*--*None
Saturday, Apr 24*None*STL*None*LOU*W*15*9*None*4-3*3* 0.5*None*None*None*2:15*None*None*+*None
Sunday, Apr 25*None*STL*None*LOU*W*16*10*None*5-3*1* Tied*None*None*None*1:45*None*None*++*None
Monday, Apr 26*None*STL*None*CIN*W*14*12*None*6-3*1*up 0.5*None*None*None*2:30*None*None*+++*None
Tuesday, Apr 27*None*STL*None*CIN*W*20*3*None*7-3*1*up 1.0*None*None*None*None*None*None*++++*None
Wednesday, Apr 28*None*STL*None*CIN*W*7*3*None*8-3*1*up 1.0*None*None*None*None*None*None*+++++*None
Thursday, Apr 29*None*STL*@*CIN*W*9*4*None*9-3*1*up 2.0*None*None*None*None*None*None*++++++*None
Saturday, May 1*None*STL*@*PIT*W*5*4*None*10-3*1*up 1.5*None*None*None*None*None*None*+++++++*None
Monday, May 3*None*STL*@*PIT*L*6*7*None*10-4*1*up 1.0*None*None*None*2:15*None*None*-*None
Tuesday, May 4*None*STL*@*PIT*W*14*7*None*11-4*1*up 2.0*None*None*None*None*None*None*+*None
Thursday, May 6*None*STL*@*PIT*L*0*6*None*11-5*1*up 1.0*None*None*None*None*None*None*-*1886-05-05 (Rain)
Friday, May 7*None*STL*@*LOU*W*8*1*None*12-5*1*up 1.5*None*None*None*None*None*None*+*None
Saturday, May 8*None*STL*@*LOU*W*21*5*None*13-5*1*up 2.0*None*None*None*None*None*None*++*None
Sunday, May 9*None*STL*@*LOU*L*4*5*None*13-6*1*up 1.5*None*None*None*1:45*None*None*-*None
Tuesday, May 11*None*STL*@*LOU*W*9*1*None*14-6*1*up 1.5*None*None*None*None*None*None*+*None
Thursday, May 13*None*STL*@*CIN*L*3*7*None*14-7*1*up 1.5*None*None*None*None*None*None*-*None
Friday, May 14*None*STL*@*CIN*W*2*1*None*15-7*1*up 1.5*None*None*None*1:50*None*None*+*None
Saturday, May 15*None*STL*@*CIN*L*2*8*None*15-8*1*up 1.0*None*None*None*1:50*None*None*-*None
Sunday, May 16*None*STL*None*CIN*L*6*7*None*15-9*1* Tied*None*None*None*2:10*None*None*--*1886-04-29 (Schedule mixup (both sites, same day))
Tuesday, May 18*None*STL*@*BRO*L*7*12*None*15-10*2* 0.5*None*None*None*None*None*None*---*None
Wednesday, May 19*None*STL*@*BRO*W*7*4*None*16-10*1*up 0.5*None*None*None*2:05*None*None*+*None
Thursday, May 20*None*STL*@*NYP*W*7*1*None*17-10*1*up 1.5*None*None*None*1:40*None*None*++*None
Friday, May 21*None*STL*@*NYP*W*3*1*None*18-10*1*up 2.5*None*None*None*1:50*None*None*+++*None
Saturday, May 22*None*STL*@*BRO*W*5*3*None*19-10*1*up 3.0*None*None*None*1:50*None*None*++++*None
Sunday, May 23*None*STL*@*BRO*L*12*13*None*19-11*1*up 2.5*None*None*None*None*None*None*-*None
Tuesday, May 25*None*STL*@*NYP*L*6*8*None*19-12*1*up 1.0*None*None*None*None*None*None*--*None
Wednesday, May 26*None*STL*@*NYP*W*9*4*None*20-12*1*up 1.0*None*None*None*2:15*None*None*+*None
Thursday, May 27*None*STL*@*PHA*L*1*3*None*20-13*1* Tied*None*None*None*2:00*None*None*-*None
Saturday, May 29*None*STL*@*PHA*W*18*1*None*21-13*1*up 2.5*None*None*None*1:58*None*None*+*None
Saturday, May 29*None*STL*@*PHA*W*11*3*None*22-13*1*up 2.5*None*None*None*2:00*None*None*++*1886-05-31 (Rain)
Tuesday, Jun 1*None*STL*@*BAL*L*2*7*None*22-14*1*up 1.5*None*None*None*2:20*None*None*-*None
Wednesday, Jun 2*None*STL*@*BAL*W*6*4*None*23-14*1*up 2.5*None*None*None*None*None*None*+*None
Thursday, Jun 3*None*STL*@*BAL*W*9*5*None*24-14*1*up 2.5*None*None*None*2:20*None*None*++*None
Friday, Jun 4*None*STL*@*BAL*W*13*5*None*25-14*1*up 3.0*None*None*None*2:00*None*None*+++*None
Sunday, Jun 6*None*STL*@*LOU*L*3*18*None*25-15*1*up 2.5*None*None*None*None*None*None*-*None
Monday, Jun 7*None*STL*@*LOU*L*4*6*None*25-16*1*up 1.5*None*None*None*None*None*None*--*None
Tuesday, Jun 8*None*STL*@*LOU*W*9*3*None*26-16*1*up 2.0*None*None*None*None*None*None*+*None
Wednesday, Jun 9*None*STL*None*LOU*L*7*16*None*26-17*1*up 2.0*None*None*None*1:30*None*None*-*None
Thursday, Jun 10*None*STL*None*LOU*L*2*3*None*26-18*1*up 1.0*None*None*None*2:05*None*None*--*None
Saturday, Jun 12*None*STL*None*LOU*L*1*3*None*26-19*2* 0.5*None*None*None*1:45*None*None*---*None
Sunday, Jun 13*None*STL*None*PIT*W*2*0*None*27-19*1*up 0.5*None*None*None*1:25*None*10,000*+*None
Wednesday, Jun 16*None*STL*None*PIT*W*1*0*None*28-19*1*up 2.0*None*None*None*1:40*None*None*++*None
Friday, Jun 18*None*STL*None*CIN*W*11*0*None*29-19*1*up 2.0*None*None*None*2:00*None*None*+++*None
Saturday, Jun 19*None*STL*None*CIN*W*12*7*None*30-19*1*up 3.0*None*None*None*2:20*None*None*++++*None
Sunday, Jun 20*None*STL*None*CIN*W*8*0*None*31-19*1*up 3.0*None*None*None*1:35*None*None*+++++*None
Monday, Jun 21*None*STL*@*CIN*W*6*5*None*32-19*1*up 4.0*None*None*None*None*None*None*++++++*None
Wednesday, Jun 23*None*STL*@*PIT*L*0*3*None*32-20*1*up 3.0*None*None*None*1:55*None*None*-*None
Thursday, Jun 24*None*STL*@*PIT*W*2*1*None*33-20*1*up 3.0*None*None*None*None*None*None*+*None
Friday, Jun 25*None*STL*@*CIN*L*1*2*None*33-21*1*up 3.0*None*None*None*None*None*None*-*None
Saturday, Jun 26*None*STL*@*CIN*W*1*0*None*34-21*1*up 3.0*None*None*None*2:00*None*None*+*None
Sunday, Jun 27*None*STL*None*CIN*W*9*1*None*35-21*1*up 3.5*None*None*None*2:00*None*8,000*++*1886-09-01 (Unknown reason)
Monday, Jun 28*None*STL*None*NYP*W*8*6*None*36-21*1*up 3.5*None*None*None*2:05*None*None*+++*None
Tuesday, Jun 29*None*STL*None*NYP*W*5*2*None*37-21*1*up 3.5*None*None*None*2:05*None*None*++++*None
Wednesday, Jun 30*None*STL*None*NYP*W*7*3*None*38-21*1*up 4.5*None*None*None*2:00*None*None*+++++*None
Thursday, Jul 1*None*STL*None*NYP*W*9*3*None*39-21*1*up 5.5*None*None*None*2:00*None*None*++++++*None
Saturday, Jul 3*None*STL*None*BRO*W*4*0*None*40-21*1*up 6.5*None*None*None*1:45*None*None*+++++++*None
Sunday, Jul 4*None*STL*None*BRO*W*7*1*None*41-21*1*up 7.5*None*None*None*1:55*None*None*++++++++*None
Monday, Jul 5*None*STL*None*BRO*W*7*3*None*42-21*1*up 6.5*None*None*None*1:55*None*None*+++++++++*None
Monday, Jul 5*None*STL*None*BRO*L*4*6*None*42-22*1*up 6.5*None*None*None*1:35*None*None*-*None
Wednesday, Jul 7*None*STL*None*BAL*W*6*0*None*43-22*1*up 6.5*None*None*None*1:40*None*None*+*None
Thursday, Jul 8*None*STL*None*BAL*W*10*0*None*44-22*1*up 6.5*None*None*None*1:50*None*None*++*None
Saturday, Jul 10*None*STL*None*BAL*W*4*2*None*45-22*1*up 8.0*None*None*None*1:20*None*None*+++*None
Sunday, Jul 11*None*STL*None*BAL*L*2*3*None*45-23*1*up 7.5*None*None*None*1:45*None*None*-*None
Monday, Jul 12*None*STL*None*PHA*W*10*8*None*46-23*1*up 8.5*None*None*None*2:15*None*None*+*None
Tuesday, Jul 13*None*STL*None*PHA*W*7*1*None*47-23*1*up 8.5*None*None*None*1:40*None*None*++*None
Wednesday, Jul 14*None*STL*None*PHA*W*9*1*None*48-23*1*up 8.5*None*None*None*1:45*None*None*+++*None
Thursday, Jul 15*None*STL*None*PHA*L*1*11*None*48-24*1*up 7.5*None*None*None*1:40*None*None*-*None
Saturday, Jul 17*None*STL*@*NYP*W*12*2*None*49-24*1*up 7.5*None*None*None*1:45*None*None*+*None
Sunday, Jul 18*None*STL*@*BRO*W*9*0*None*50-24*1*up 8.0*None*None*None*None*None*None*++*None
Tuesday, Jul 20*None*STL*@*NYP*L*1*3*None*50-25*1*up 7.5*None*None*None*1:45*None*None*-*None
Wednesday, Jul 21*None*STL*@*PHA*W*4*3*None*51-25*1*up 8.5*None*None*None*1:40*None*None*+*1886-05-31 (Rain)
Thursday, Jul 22*None*STL*@*BRO*L*1*7*None*51-26*1*up 8.5*None*None*None*2:00*None*None*-*None
Friday, Jul 23*None*STL*@*NYP*W*4*3*None*52-26*1*up 8.5*None*None*None*2:05*None*None*+*None
Saturday, Jul 24*None*STL*@*BRO*L*0*1*None*52-27*1*up 8.5*None*None*None*1:45*None*None*-*None
Tuesday, Jul 27*None*STL*@*BAL*L*2*4*None*52-28*1*up 8.5*None*None*None*2:10*None*None*--*None
Wednesday, Jul 28*None*STL*@*BAL*W*6*0*None*53-28*1*up 8.5*None*None*None*1:50*None*None*+*None
Thursday, Jul 29*None*STL*@*PHA*W*10*3*None*54-28*1*up 8.5*None*None*None*1:55*None*None*++*None
Friday, Jul 30*None*STL*@*PHA*L*4*5*None*54-29*1*up 8.0*None*None*None*1:55*None*None*-*None
Saturday, Jul 31*None*STL*@*PHA*W*13*4*None*55-29*1*up 8.0*None*None*None*2:20*None*None*+*None
Tuesday, Aug 3*None*STL*None*NYP*W*15*2*None*56-29*1*up 9.0*None*None*None*2:00*None*None*++*None
Wednesday, Aug 4*None*STL*None*NYP*W*12*1*None*57-29*1*up 9.0*None*None*None*1:45*None*None*+++*None
Thursday, Aug 5*None*STL*None*NYP*W*7*5*None*58-29*1*up10.0*None*None*None*1:25*None*None*++++*None
Friday, Aug 6*None*STL*None*PHA*W*10*2*None*59-29*1*up10.5*None*None*None*1:40*None*None*+++++*None
Saturday, Aug 7*None*STL*None*PHA*W*10*2*None*60-29*1*up10.5*None*None*None*1:50*None*None*++++++*None
Sunday, Aug 8*None*STL*None*PHA*W*7*3*None*61-29*1*up10.5*None*None*None*1:35*None*None*+++++++*None
Wednesday, Aug 11*None*STL*None*BAL*W*18*7*None*62-29*1*up 9.5*None*None*None*2:00*None*None*++++++++*None
Thursday, Aug 12*None*STL*None*BAL*W*13*1*None*63-29*1*up 9.5*None*None*None*1:55*None*None*+++++++++*None
Friday, Aug 13*None*STL*None*BAL*W*14*2*None*64-29*1*up10.0*None*None*None*2:00*None*None*++++++++++*None
Saturday, Aug 14*None*STL*None*BRO*W*5*2*None*65-29*1*up10.5*None*None*None*2:00*None*None*+++++++++++*None
Sunday, Aug 15*None*STL*None*BRO*W*19*0*None*66-29*1*up10.0*None*None*None*2:15*None*None*++++++++++++*None
Monday, Aug 16*None*STL*None*BRO*L*9*11*None*66-30*1*up 9.0*None*None*None*1:45*None*None*-*None
Thursday, Aug 19*None*STL*None*PIT*L*0*6*None*66-31*1*up 8.5*None*None*None*1:50*None*None*--*None
Friday, Aug 20*None*STL*None*PIT*L*0*3*None*66-32*1*up 8.0*None*None*None*1:20*None*None*---*1886-06-15 (Rain)
Saturday, Aug 21*None*STL*None*PIT*W*7*3*None*67-32*1*up 8.0*None*None*None*1:30*None*None*+*None
Sunday, Aug 22*None*STL*None*PIT*L*4*6*None*67-33*1*up 7.0*None*None*None*1:30*None*None*-*None
Tuesday, Aug 24*None*STL*@*CIN*W*4*0*None*68-33*1*up 8.5*None*None*None*1:35*None*None*+*None
Wednesday, Aug 25*None*STL*@*CIN*W*6*3*None*69-33*1*up 9.5*None*None*None*1:40*None*None*++*None
Thursday, Aug 26*None*STL*@*CIN*L*3*9*None*69-34*1*up 9.5*None*None*None*1:45*None*None*-*1886-08-23 (Rain)
Friday, Aug 27*None*STL*None*LOU*W*10*2*None*70-34*1*up10.5*None*None*None*1:40*None*None*+*None
Sunday, Aug 29*None*STL*None*LOU*W*11*0*None*71-34*1*up10.0*None*None*None*1:45*None*None*++*None
Monday, Aug 30*None*STL*None*CIN*W*10*3*None*72-34*1*up10.5*None*None*None*2:15*None*None*+++*1886-09-02 (Unknown reason)
Tuesday, Aug 31*None*STL*None*CIN*W*10*4*None*73-34*1*up10.5*None*None*None*1:50*None*None*++++*None
Friday, Sep 3*None*STL*@*LOU*L*7*15*None*73-35*1*up10.5*None*None*None*1:55*None*None*-*None
Saturday, Sep 4*None*STL*@*LOU*W*11*4*None*74-35*1*up10.5*None*None*None*1:50*None*None*+*None
Sunday, Sep 5*None*STL*@*LOU*L*2*8*None*74-36*1*up10.0*None*None*None*1:50*None*None*-*None
Tuesday, Sep 7*None*STL*@*PIT*W*2*1*None*75-36*1*up10.5*None*None*None*1:30*None*None*+*None
Wednesday, Sep 8*None*STL*@*PIT*W*8*4*None*76-36*1*up12.5*None*None*None*1:40*None*None*++*None
Wednesday, Sep 8*None*STL*@*PIT*W*6*2*None*77-36*1*up12.5*None*None*None*1:50*None*None*+++*1886-06-22 (Rain)
Thursday, Sep 9*None*STL*@*PIT*L*3*4*None*77-37*1*up11.5*None*None*None*2:10*None*None*-*None
Friday, Sep 10*None*STL*@*NYP*W*9*5*None*78-37*1*up11.5*None*None*None*None*None*None*+*None
Saturday, Sep 11*None*STL*@*BRO*W*6*4*None*79-37*1*up12.5*None*None*None*None*None*None*++*None
Monday, Sep 13*None*STL*@*NYP*L*3*6*None*79-38*1*up12.0*None*None*None*None*None*None*-*None
Tuesday, Sep 14*None*STL*@*BRO*W*5*4*None*80-38*1*up12.5*None*None*None*1:50*None*None*+*None
Wednesday, Sep 15*None*STL*@*BRO*W*4*3*None*81-38*1*up13.0*None*None*None*None*None*None*++*None
Thursday, Sep 16*None*STL*@*NYP*L*1*2*None*81-39*1*up12.0*None*None*None*1:35*None*None*-*None
Friday, Sep 17*None*STL*@*BAL*L*2*3*None*81-40*1*up12.0*None*None*None*1:40*None*None*--*None
Saturday, Sep 18*None*STL*@*BAL*W*3*2*None*82-40*1*up12.0*None*None*None*1:35*None*None*+*None
Monday, Sep 20*None*STL*@*BAL*L*4*6*None*82-41*1*up12.0*None*None*None*2:00*None*None*-*None
Tuesday, Sep 21*None*STL*@*PHA*W*6*1*None*83-41*1*up13.0*None*None*None*1:50*None*None*+*None
Wednesday, Sep 22*None*STL*@*PHA*W*6*3*None*84-41*1*up13.0*None*None*None*1:40*None*None*++*None
Thursday, Sep 23*None*STL*@*PHA*L*6*15*None*84-42*1*up12.0*None*None*None*1:50*None*None*-*None
Sunday, Sep 26*None*STL*None*BAL*W*5*0*None*85-42*1*up12.0*None*None*None*1:40*None*None*+*None
Tuesday, Sep 28*None*STL*None*BAL*L*3*6*None*85-43*1*up11.5*None*None*None*1:45*None*None*-*None
Tuesday, Sep 28*None*STL*None*BAL*W*16*3*None*86-43*1*up11.5*None*None*None*1:35*None*None*+*1886-09-25 (Rain)
Wednesday, Sep 29*None*STL*None*BAL*L*7*11*None*86-44*1*up11.5*None*None*None*1:50*None*None*-*1886-07-26 (Rain; Site change)
Thursday, Sep 30*None*STL*None*NYP*W*3*2*None*87-44*1*up11.5*None*None*None*1:35*None*None*+*None
Saturday, Oct 2*None*STL*None*NYP*W*5*2*None*88-44*1*up12.0*None*None*None*1:45*None*None*++*None
Sunday, Oct 3*None*STL*None*NYP*W*6*4*None*89-44*1*up12.5*None*None*None*1:40*None*None*+++*None
Monday, Oct 4*None*STL*None*PHA*L*0*2*None*89-45*1*up12.0*None*None*None*1:15*None*None*-*None
Tuesday, Oct 5*None*STL*None*PHA*W*9*4*None*90-45*1*up13.0*None*None*None*1:40*None*None*+*None
Thursday, Oct 7*None*STL*None*PHA*W*6*1*None*91-45*1*up13.5*None*None*None*1:30*None*None*++*1886-10-06 (Unknown reason)
Friday, Oct 8*None*STL*None*BRO*L*7*11*None*91-46*1*up12.5*None*None*None*1:30*None*None*-*None
Saturday, Oct 9*None*STL*None*BRO*W*9*4*None*92-46*1*up12.5*None*None*None*None*None*None*+*None
Sunday, Oct 10*None*STL*None*BRO*W*8*6*None*93-46*1*up13.0*None*None*None*None*None*None*++*None